group,gender,age,type,category,style,country,athlete,session,day,time,fop,note
Group A,Female,11 & under (born 2015+),Barehand,Nanquan-type events,Otros estilos sureños.,Argentina,Depaoli Valentina Antonella,Group A Barehand,Thu Oct 8,17:00,FOP 1,
Group A,Female,11 & under (born 2015+),Barehand,Nanquan-type events,Otros estilos sureños.,United States of America,Harris Mai-Linh,Group A Barehand,Thu Oct 8,17:00,FOP 1,
Group A,Female,11 & under (born 2015+),Barehand,Nanquan-type events,Otros estilos sureños.,United States of America,Lin Melody,Group A Barehand,Thu Oct 8,17:00,FOP 1,
Group A,Female,11 & under (born 2015+),Barehand,Nanquan-type events,Otros estilos sureños.,United States of America,Ngo Ryan,Group A Barehand,Thu Oct 8,17:00,FOP 1,
Group A,Female,11 & under (born 2015+),Barehand,Nanquan-type events,Otros estilos sureños.,United States of America,Tan Genevieve,Group A Barehand,Thu Oct 8,17:00,FOP 1,
Group A,Female,11 & under (born 2015+),Barehand,Other Northern Style,Ditang Quan,United States of America,Drzymalski Ellison,Group A Barehand,Thu Oct 8,17:00,FOP 1,
Group A,Female,11 & under (born 2015+),Barehand,Other Northern Style,Estilos de imitación,United States of America,Chang Chloe,Group A Barehand,Thu Oct 8,17:00,FOP 1,
Group A,Female,11 & under (born 2015+),Barehand,Other Northern Style,Estilos de imitación,United States of America,Chock Ace,Group A Barehand,Thu Oct 8,17:00,FOP 1,
Group A,Female,11 & under (born 2015+),Barehand,Other Northern Style,other types of traditional styles,Argentina,Cañizares Zoe Valentina,Group A Barehand,Thu Oct 8,17:00,FOP 1,
Group A,Female,11 & under (born 2015+),Barehand,Shaolinquan Routines,Other Shaolin Barehand,Argentina,Ramos Mia Milagros,Group A Barehand,Thu Oct 8,17:00,FOP 1,
Group A,Female,11 & under (born 2015+),Barehand,Shaolinquan Routines,Other Shaolin Barehand,Argentina,Rodriguez Jurado Olivia Daira,Group A Barehand,Thu Oct 8,17:00,FOP 1,
Group A,Female,11 & under (born 2015+),Barehand,Shaolinquan Routines,Other Shaolin Barehand,Bolivia,HUANACUNI PINEDO PAKARI NAYRA,Group A Barehand,Thu Oct 8,17:00,FOP 1,
Group A,Female,11 & under (born 2015+),Barehand,Shaolinquan Routines,Other Shaolin Barehand,Bolivia,LOAYZA ENCINAS SUMAYA SATSUKI,Group A Barehand,Thu Oct 8,17:00,FOP 1,
Group A,Female,11 & under (born 2015+),Barehand,Shaolinquan Routines,Other Shaolin Barehand,United States of America,Tesch Yelena,Group A Barehand,Thu Oct 8,17:00,FOP 1,
Group A,Female,11 & under (born 2015+),Barehand,Shaolinquan Routines,Other Shaolin Barehand,United States of America,Wang Xiaoyou,Group A Barehand,Thu Oct 8,17:00,FOP 1,
Group A,Female,11 & under (born 2015+),Barehand,Shaolinquan Routines,Shaolin Luohanquan,Argentina,Florencio Valentina,Group A Barehand,Thu Oct 8,17:00,FOP 1,
Group A,Female,11 & under (born 2015+),Barehand,Shaolinquan Routines,Shaolin Luohanquan,Argentina,Gonzalez Zambelli Tania Libertad,Group A Barehand,Thu Oct 8,17:00,FOP 1,
Group A,Female,11 & under (born 2015+),Barehand,Shaolinquan Routines,Shaolin Luohanquan,Argentina,Medina Aquino Francesca,Group A Barehand,Thu Oct 8,17:00,FOP 1,
Group A,Female,11 & under (born 2015+),Barehand,Shaolinquan Routines,Shaolin Luohanquan,Peru,PUMACALLAHUE JAZMÍN ARADELY,Group A Barehand,Thu Oct 8,17:00,FOP 1,
Group A,Female,11 & under (born 2015+),Barehand,Taijiquan Routines,24 Taijiquan,United States of America,Zhu Grace,Group A Taijiquan,Thu Oct 8,08:55,FOP 3,
Group A,Female,11 & under (born 2015+),Barehand,Wing Chun,Chum Kiu,United States of America,Mendenhall Haley,Group A Barehand,Thu Oct 8,17:00,FOP 1,
Group A,Female,11 & under (born 2015+),Weapon,Double-weapon routines,Shuangbishou (Doublé Daggers),United States of America,Chock Ace,Group A Weapon,Thu Oct 8,10:10,FOP 1,
Group A,Female,11 & under (born 2015+),Weapon,Double-weapon routines,Shuangbishou (Doublé Daggers),United States of America,Drzymalski Ellison,Group A Weapon,Thu Oct 8,10:10,FOP 1,
Group A,Female,11 & under (born 2015+),Weapon,Double-weapon routines,Shuangdao (Double Broadsword),United States of America,Lin Melody,Group A Weapon,Thu Oct 8,10:10,FOP 1,
Group A,Female,11 & under (born 2015+),Addl. Weapon,Double-weapon routines,Other double weapon,Peru,PUMACALLAHUE JAZMÍN ARADELY,Group A Weapon,Thu Oct 8,10:10,FOP 1,
Group A,Female,11 & under (born 2015+),Weapon,Flexible Soft-weapon routines,Jiujiebian (Nine Section Whip Chain),Peru,PUMACALLAHUE JAZMÍN ARADELY,Group A Weapon,Thu Oct 8,10:10,FOP 1,
Group A,Female,11 & under (born 2015+),Weapon,Flexible Soft-weapon routines,Jiujiebian (Nine Section Whip Chain),United States of America,Chan Thea Yeesum,Group A Weapon,Thu Oct 8,10:10,FOP 1,
Group A,Female,11 & under (born 2015+),Weapon,Shaolin Weapon Routines,Shaolin Dao,Argentina,Florencio Valentina,Group A Weapon,Thu Oct 8,10:10,FOP 1,
Group A,Female,11 & under (born 2015+),Weapon,Shaolin Weapon Routines,Shaolin Dao,Bolivia,HUANACUNI PINEDO PAKARI NAYRA,Group A Weapon,Thu Oct 8,10:10,FOP 1,
Group A,Female,11 & under (born 2015+),Weapon,Shaolin Weapon Routines,Shaolin Jian,Argentina,Gonzalez Zambelli Tania Libertad,Group A Weapon,Thu Oct 8,10:10,FOP 1,
Group A,Female,11 & under (born 2015+),Weapon,Shaolin Weapon Routines,Shaolin Jian,United States of America,Chang Chloe,Group A Weapon,Thu Oct 8,10:10,FOP 1,
Group A,Female,11 & under (born 2015+),Addl. Weapon,Shaolin Weapon Routines,Shaolin Dao,United States of America,Ngo Ryan,Group A Weapon,Thu Oct 8,10:10,FOP 1,
Group A,Female,11 & under (born 2015+),Weapon,Shaolin Weapon Routines,Shaolin Staff,Argentina,Cañizares Zoe Valentina,Group A Weapon,Thu Oct 8,10:10,FOP 1,
Group A,Female,11 & under (born 2015+),Weapon,Shaolin Weapon Routines,Shaolin Staff,Argentina,Medina Aquino Francesca,Group A Weapon,Thu Oct 8,10:10,FOP 1,
Group A,Female,11 & under (born 2015+),Weapon,Shaolin Weapon Routines,Shaolin Staff,Argentina,Ramos Mia Milagros,Group A Weapon,Thu Oct 8,10:10,FOP 1,
Group A,Female,11 & under (born 2015+),Weapon,Shaolin Weapon Routines,Shaolin Staff,Bolivia,LOAYZA ENCINAS SUMAYA SATSUKI,Group A Weapon,Thu Oct 8,10:10,FOP 1,
Group A,Female,11 & under (born 2015+),Weapon,Shaolin Weapon Routines,Shaolin Staff,United States of America,Wang Xiaoyou,Group A Weapon,Thu Oct 8,10:10,FOP 1,
Group A,Female,11 & under (born 2015+),Weapon,Single-weapon routines,Gun (Cudgel/Staff),Argentina,Rodriguez Jurado Olivia Daira,Group A Weapon,Thu Oct 8,10:10,FOP 1,
Group A,Female,11 & under (born 2015+),Addl. Weapon,Single-weapon routines,Gun (Cudgel/Staff),United States of America,Tesch Yelena,Group A Weapon,Thu Oct 8,10:10,FOP 1,
Group A,Female,11 & under (born 2015+),Addl. Weapon,Single-weapon routines,Pudao,United States of America,Lin Melody,Group A Weapon,Thu Oct 8,10:10,FOP 1,
Group A,Female,11 & under (born 2015+),Weapon,Single-weapon routines,Nandao (Southern Broadsword),United States of America,Harris Mai-Linh,Group A Weapon,Thu Oct 8,10:10,FOP 1,
Group A,Female,11 & under (born 2015+),Weapon,Single-weapon routines,Nandao (Southern Broadsword),United States of America,Ngo Ryan,Group A Weapon,Thu Oct 8,10:10,FOP 1,
Group A,Female,11 & under (born 2015+),Weapon,Single-weapon routines,Nandao (Southern Broadsword),United States of America,Tan Genevieve,Group A Weapon,Thu Oct 8,10:10,FOP 1,
Group A,Female,11 & under (born 2015+),Weapon,Single-weapon routines,Nangun (Southern Staff/Cudgel),Argentina,Depaoli Valentina Antonella,Group A Weapon,Thu Oct 8,10:10,FOP 1,
Group A,Female,11 & under (born 2015+),Addl. Weapon,Single-weapon routines,Nangun (Southern Staff/Cudgel),United States of America,Harris Mai-Linh,Group A Weapon,Thu Oct 8,10:10,FOP 1,
Group A,Female,11 & under (born 2015+),Addl. Weapon,Single-weapon routines,Nangun (Southern Staff/Cudgel),United States of America,Tan Genevieve,Group A Weapon,Thu Oct 8,10:10,FOP 1,
Group A,Female,11 & under (born 2015+),Weapon,Single-weapon routines,Shanzi (Fan),United States of America,Tesch Yelena,Group A Weapon,Thu Oct 8,10:10,FOP 1,
Group A,Female,11 & under (born 2015+),Addl. Weapon,Single-weapon routines,Shanzi (Fan),United States of America,Chan Thea Yeesum,Group A Weapon,Thu Oct 8,10:10,FOP 1,
Group A,Female,11 & under (born 2015+),Addl. Weapon,Single-weapon routines,Shanzi (Fan),United States of America,Wang Xiaoyou,Group A Weapon,Thu Oct 8,10:10,FOP 1,
Group A,Female,11 & under (born 2015+),Weapon,Single-weapon routines,Taijijian,United States of America,Zhu Grace,Group A Taiji Weapon,Thu Oct 8,14:00,FOP 3,
Group A,Female,11 & under (born 2015+),Weapon,Wing Chun Weapon Routines,Luk Dim Boon Gun,United States of America,Mendenhall Haley,Group A Weapon,Thu Oct 8,10:10,FOP 1,
Group A,Male,11 & under (born 2015+),Barehand,Nanquan-type events,Hung Gar (Hongjia Quan),Brazil,REDONDO Pedro de Oliveira,Group A Barehand,Thu Oct 8,17:00,FOP 1,
Group A,Male,11 & under (born 2015+),Barehand,Nanquan-type events,Otros estilos sureños.,United States of America,Hwang Lucas,Group A Barehand,Thu Oct 8,17:00,FOP 1,
Group A,Male,11 & under (born 2015+),Barehand,Nanquan-type events,Otros estilos sureños.,United States of America,Roldan Blake,Group A Barehand,Thu Oct 8,17:00,FOP 1,
Group A,Male,11 & under (born 2015+),Barehand,Nanquan-type events,Otros estilos sureños.,United States of America,Sarabia Dash,Group A Barehand,Thu Oct 8,17:00,FOP 1,
Group A,Male,11 & under (born 2015+),Barehand,Nanquan-type events,Otros estilos sureños.,United States of America,Vo Benjamin,Group A Barehand,Thu Oct 8,17:00,FOP 1,
Group A,Male,11 & under (born 2015+),Barehand,Nanquan-type events,Otros estilos sureños.,United States of America,Wong Francis Mou Ching,Group A Barehand,Thu Oct 8,17:00,FOP 1,
Group A,Male,11 & under (born 2015+),Barehand,Other Northern Style,Baji Quan,Canada,Liu Eden Jing Cheng,Group A Barehand,Thu Oct 8,17:00,FOP 1,
Group A,Male,11 & under (born 2015+),Barehand,Other Northern Style,Cha Quan,United States of America,Yan Weihang,Group A Barehand,Thu Oct 8,17:00,FOP 1,
Group A,Male,11 & under (born 2015+),Barehand,Other Northern Style,Ditang Quan,United States of America,Drzymalski Jinson,Group A Barehand,Thu Oct 8,17:00,FOP 1,
Group A,Male,11 & under (born 2015+),Barehand,Other Northern Style,Ditang Quan,United States of America,Zhang Charles,Group A Barehand,Thu Oct 8,17:00,FOP 1,
Group A,Male,11 & under (born 2015+),Barehand,Other Northern Style,Emei Quan,United States of America,Badepalli Kashik,Group A Barehand,Thu Oct 8,17:00,FOP 1,
Group A,Male,11 & under (born 2015+),Barehand,Other Northern Style,other types of traditional styles,Argentina,Moyano Las Milo Valentino,Group A Barehand,Thu Oct 8,17:00,FOP 1,
Group A,Male,11 & under (born 2015+),Barehand,Other Northern Style,other types of traditional styles,United States of America,Xia Baron,Group A Barehand,Thu Oct 8,17:00,FOP 1,
Group A,Male,11 & under (born 2015+),Barehand,Shaolinquan Routines,Other Shaolin Barehand,Argentina,Cabrera Moreno Joaquin,Group A Barehand,Thu Oct 8,17:00,FOP 1,
Group A,Male,11 & under (born 2015+),Barehand,Shaolinquan Routines,Other Shaolin Barehand,Argentina,Cardozo Mateo,Group A Barehand,Thu Oct 8,17:00,FOP 1,
Group A,Male,11 & under (born 2015+),Barehand,Shaolinquan Routines,Other Shaolin Barehand,Argentina,Valdez Mateo,Group A Barehand,Thu Oct 8,17:00,FOP 1,
Group A,Male,11 & under (born 2015+),Barehand,Shaolinquan Routines,Other Shaolin Barehand,Bolivia,SALAS AGUILAR SANTIAGO ALONZO,Group A Barehand,Thu Oct 8,17:00,FOP 1,
Group A,Male,11 & under (born 2015+),Barehand,Shaolinquan Routines,Other Shaolin Barehand,United States of America,Lee Andrew,Group A Barehand,Thu Oct 8,17:00,FOP 1,
Group A,Male,11 & under (born 2015+),Barehand,Shaolinquan Routines,Shaolin Hongquan,Argentina,Diaz Cañete Matyas,Group A Barehand,Thu Oct 8,17:00,FOP 1,
Group A,Male,11 & under (born 2015+),Barehand,Shaolinquan Routines,Shaolin Luohanquan,Argentina,D'Agostino Benjamin Luca,Group A Barehand,Thu Oct 8,17:00,FOP 1,
Group A,Male,11 & under (born 2015+),Barehand,Shaolinquan Routines,Shaolin Luohanquan,Argentina,Villalba Valentin,Group A Barehand,Thu Oct 8,17:00,FOP 1,
Group A,Male,11 & under (born 2015+),Barehand,Taijiquan Routines,Chen Taijiquan,Canada,Li Ronghou,Group A Taijiquan,Thu Oct 8,08:55,FOP 3,
Group A,Male,11 & under (born 2015+),Weapon,Double-weapon routines,Shuangbishou (Doublé Daggers),United States of America,Drzymalski Jinson,Group A Weapon,Thu Oct 8,10:10,FOP 1,
Group A,Male,11 & under (born 2015+),Weapon,Double-weapon routines,Shuangbishou (Doublé Daggers),United States of America,Lee Andrew,Group A Weapon,Thu Oct 8,10:10,FOP 1,
Group A,Male,11 & under (born 2015+),Weapon,Double-weapon routines,Shuangbishou (Doublé Daggers),United States of America,Sarabia Dash,Group A Weapon,Thu Oct 8,10:10,FOP 1,
Group A,Male,11 & under (born 2015+),Weapon,Double-weapon routines,Shuangdao (Double Broadsword),United States of America,Hwang Lucas,Group A Weapon,Thu Oct 8,10:10,FOP 1,
Group A,Male,11 & under (born 2015+),Weapon,Double-weapon routines,Shuangdao (Double Broadsword),United States of America,Xia Baron,Group A Weapon,Thu Oct 8,10:10,FOP 1,
Group A,Male,11 & under (born 2015+),Weapon,Double-weapon routines,Shuangdao (Double Broadsword),United States of America,Yan Weihang,Group A Weapon,Thu Oct 8,10:10,FOP 1,
Group A,Male,11 & under (born 2015+),Weapon,Shaolin Weapon Routines,Shaolin Dao,Argentina,Diaz Cañete Matyas,Group A Weapon,Thu Oct 8,10:10,FOP 1,
Group A,Male,11 & under (born 2015+),Weapon,Shaolin Weapon Routines,Shaolin Dao,Argentina,Valdez Mateo,Group A Weapon,Thu Oct 8,10:10,FOP 1,
Group A,Male,11 & under (born 2015+),Weapon,Shaolin Weapon Routines,Shaolin Dao,United States of America,Vo Benjamin,Group A Weapon,Thu Oct 8,10:10,FOP 1,
Group A,Male,11 & under (born 2015+),Weapon,Shaolin Weapon Routines,Shaolin Dao,United States of America,Wong Francis Mou Ching,Group A Weapon,Thu Oct 8,10:10,FOP 1,
Group A,Male,11 & under (born 2015+),Addl. Weapon,Shaolin Weapon Routines,Shaolin Dao,United States of America,Lee Andrew,Group A Weapon,Thu Oct 8,10:10,FOP 1,
Group A,Male,11 & under (born 2015+),Weapon,Single-weapon routines,Dao (Broadsword),Argentina,Moyano Las Milo Valentino,Group A Weapon,Thu Oct 8,10:10,FOP 1,
Group A,Male,11 & under (born 2015+),Addl. Weapon,Shaolin Weapon Routines,Other Shaolin Short Weapons,United States of America,Roldan Blake,Group A Weapon,Thu Oct 8,10:10,FOP 1,
Group A,Male,11 & under (born 2015+),Weapon,Shaolin Weapon Routines,Shaolin Jian,Argentina,D'Agostino Benjamin Luca,Group A Weapon,Thu Oct 8,10:10,FOP 1,
Group A,Male,11 & under (born 2015+),Weapon,Shaolin Weapon Routines,Shaolin Spear,United States of America,Roldan Blake,Group A Weapon,Thu Oct 8,10:10,FOP 1,
Group A,Male,11 & under (born 2015+),Weapon,Shaolin Weapon Routines,Shaolin Staff,Argentina,Cardozo Mateo,Group A Weapon,Thu Oct 8,10:10,FOP 1,
Group A,Male,11 & under (born 2015+),Weapon,Shaolin Weapon Routines,Shaolin Staff,Argentina,Villalba Valentin,Group A Weapon,Thu Oct 8,10:10,FOP 1,
Group A,Male,11 & under (born 2015+),Weapon,Shaolin Weapon Routines,Shaolin Staff,Canada,Liu Eden Jing Cheng,Group A Weapon,Thu Oct 8,10:10,FOP 1,
Group A,Male,11 & under (born 2015+),Weapon,Shaolin Weapon Routines,Shaolin Staff,United States of America,Badepalli Kashik,Group A Weapon,Thu Oct 8,10:10,FOP 1,
Group A,Male,11 & under (born 2015+),Addl. Weapon,Shaolin Weapon Routines,Shaolin Staff,United States of America,Vo Benjamin,Group A Weapon,Thu Oct 8,10:10,FOP 1,
Group A,Male,11 & under (born 2015+),Addl. Weapon,Shaolin Weapon Routines,Shaolin Staff,United States of America,Wong Francis Mou Ching,Group A Weapon,Thu Oct 8,10:10,FOP 1,
Group A,Male,11 & under (born 2015+),Weapon,Single-weapon routines,Gun (Cudgel/Staff),Argentina,Cabrera Moreno Joaquin,Group A Weapon,Thu Oct 8,10:10,FOP 1,
Group A,Male,11 & under (born 2015+),Addl. Weapon,Single-weapon routines,Pudao,United States of America,Hwang Lucas,Group A Weapon,Thu Oct 8,10:10,FOP 1,
Group A,Male,11 & under (born 2015+),Addl. Weapon,Single-weapon routines,Pudao,United States of America,Xia Baron,Group A Weapon,Thu Oct 8,10:10,FOP 1,
Group A,Male,11 & under (born 2015+),Weapon,Single-weapon routines,42-posture Taijijian,Canada,Li Ronghou,Group A Taiji Weapon,Thu Oct 8,14:00,FOP 3,
Group A,Male,11 & under (born 2015+),Addl. Weapon,Flexible Soft-weapon routines,Jiujiebian (Nine Section Whip Chain),United States of America,Zhang Charles,Group A Weapon,Thu Oct 8,10:10,FOP 1,
Group A,Male,11 & under (born 2015+),Weapon,Flexible Soft-weapon routines,Shuangjiegun (Nunchucks),United States of America,Zhang Charles,Group A Weapon,Thu Oct 8,10:10,FOP 1,
Group A,Male,11 & under (born 2015+),Weapon,Single-weapon routines,Nangun (Southern Staff/Cudgel),Brazil,REDONDO Pedro de Oliveira,Group A Weapon,Thu Oct 8,10:10,FOP 1,
Group A,Male,11 & under (born 2015+),Addl. Weapon,Single-weapon routines,Nangun (Southern Staff/Cudgel),United States of America,Yan Weihang,Group A Weapon,Thu Oct 8,10:10,FOP 1,
Group B,Female,12–14 (born 2012–2014),Barehand,Nanquan-type events,Choy Lay Fut (Cailifo Quan),Argentina,Riquelme Beltran Naomi,Group B Barehand,Thu Oct 8,08:00,FOP 1,
Group B,Female,12–14 (born 2012–2014),Barehand,Nanquan-type events,Otros estilos sureños.,United States of America,Arunkumar Damayanthi,Group B Barehand,Thu Oct 8,08:00,FOP 1,
Group B,Female,12–14 (born 2012–2014),Barehand,Nanquan-type events,Otros estilos sureños.,United States of America,Zhang Summer,Group B Barehand,Thu Oct 8,08:00,FOP 1,
Group B,Female,12–14 (born 2012–2014),Barehand,Other Northern Style,Baji Quan,Mexico,ZARAGOZA Sora,Group B Barehand,Thu Oct 8,08:00,FOP 1,
Group B,Female,12–14 (born 2012–2014),Barehand,Other Northern Style,Cha Quan,Argentina,Alabarce Julieta,Group B Barehand,Thu Oct 8,08:00,FOP 1,
Group B,Female,12–14 (born 2012–2014),Barehand,Other Northern Style,Cha Quan,United States of America,Ye Catherine,Group B Barehand,Thu Oct 8,08:00,FOP 1,
Group B,Female,12–14 (born 2012–2014),Barehand,Other Northern Style,Fanzi Quan,United States of America,Leyesa Juliet Noelle,Group B Barehand,Thu Oct 8,08:00,FOP 1,
Group B,Female,12–14 (born 2012–2014),Barehand,Other Northern Style,Fanzi Quan,United States of America,Li Alicia,Group B Barehand,Thu Oct 8,08:00,FOP 1,
Group B,Female,12–14 (born 2012–2014),Barehand,Other Northern Style,Hua Quan,Brazil,FONSECA Júlia Falcão Fernandes,Group B Barehand,Thu Oct 8,08:00,FOP 1,
Group B,Female,12–14 (born 2012–2014),Barehand,Other Northern Style,Hua Quan,United States of America,Ye Sarah,Group B Barehand,Thu Oct 8,08:00,FOP 1,
Group B,Female,12–14 (born 2012–2014),Barehand,Other Northern Style,other types of traditional styles,Brazil,DE CARVALHO DIAS Ana Luiza,Group B Barehand,Thu Oct 8,08:00,FOP 1,
Group B,Female,12–14 (born 2012–2014),Barehand,Other Northern Style,other types of traditional styles,United States of America,Nadella Sreya,Group B Barehand,Thu Oct 8,08:00,FOP 1,
Group B,Female,12–14 (born 2012–2014),Barehand,Other Northern Style,other types of traditional styles,United States of America,Ng Wai Chin (Chriselle),Group B Barehand,Thu Oct 8,08:00,FOP 1,
Group B,Female,12–14 (born 2012–2014),Barehand,Other Northern Style,Estilos de imitación,United States of America,Carre Rayyah,Group B Barehand,Thu Oct 8,08:00,FOP 1,
Group B,Female,12–14 (born 2012–2014),Barehand,Other Northern Style,Estilos de imitación,United States of America,Cheng Elyne,Group B Barehand,Thu Oct 8,08:00,FOP 1,
Group B,Female,12–14 (born 2012–2014),Barehand,Other Northern Style,Estilos de imitación,United States of America,Jian Emina,Group B Barehand,Thu Oct 8,08:00,FOP 1,
Group B,Female,12–14 (born 2012–2014),Barehand,Other Northern Style,Estilos de imitación,United States of America,McKay Sofia Isabela,Group B Barehand,Thu Oct 8,08:00,FOP 1,
Group B,Female,12–14 (born 2012–2014),Barehand,Other Northern Style,Estilos de imitación,United States of America,Mukesh Adithi,Group B Barehand,Thu Oct 8,08:00,FOP 1,
Group B,Female,12–14 (born 2012–2014),Barehand,Other Northern Style,Estilos de imitación,United States of America,Ngo Jordan,Group B Barehand,Thu Oct 8,08:00,FOP 1,
Group B,Female,12–14 (born 2012–2014),Barehand,Shaolinquan Routines,Other Shaolin Barehand,Argentina,Gadow Katalina Griselda,Group B Barehand,Thu Oct 8,08:00,FOP 1,
Group B,Female,12–14 (born 2012–2014),Barehand,Shaolinquan Routines,Other Shaolin Barehand,Argentina,Olmedo Salinas Liz Candela,Group B Barehand,Thu Oct 8,08:00,FOP 1,
Group B,Female,12–14 (born 2012–2014),Barehand,Shaolinquan Routines,Other Shaolin Barehand,Bolivia,MONTECINOS ANGULO NATALIA SOFIA,Group B Barehand,Thu Oct 8,08:00,FOP 1,
Group B,Female,12–14 (born 2012–2014),Barehand,Shaolinquan Routines,Other Shaolin Barehand,Brazil,CONCEIÇÃO Lorena Silva,Group B Barehand,Thu Oct 8,08:00,FOP 1,
Group B,Female,12–14 (born 2012–2014),Barehand,Shaolinquan Routines,Other Shaolin Barehand,Chile,Martinez Urriola Almendra,Group B Barehand,Thu Oct 8,08:00,FOP 1,
Group B,Female,12–14 (born 2012–2014),Barehand,Shaolinquan Routines,Other Shaolin Barehand,Peru,FERNANDEZ MARIA FERNANDA,Group B Barehand,Thu Oct 8,08:00,FOP 1,
Group B,Female,12–14 (born 2012–2014),Barehand,Shaolinquan Routines,Other Shaolin Barehand,Peru,NOGUERA MEGHAN ALEJANDRA,Group B Barehand,Thu Oct 8,08:00,FOP 1,
Group B,Female,12–14 (born 2012–2014),Barehand,Shaolinquan Routines,Other Shaolin Barehand,Peru,RAMIREZ AMY ROSARIO,Group B Barehand,Thu Oct 8,08:00,FOP 1,
Group B,Female,12–14 (born 2012–2014),Barehand,Shaolinquan Routines,Shaolin Hongquan,Argentina,Padellaro Isabella,Group B Barehand,Thu Oct 8,08:00,FOP 1,
Group B,Female,12–14 (born 2012–2014),Barehand,Shaolinquan Routines,Shaolin Hongquan,United States of America,Koh Makena,Group B Barehand,Thu Oct 8,08:00,FOP 1,
Group B,Female,12–14 (born 2012–2014),Barehand,Shaolinquan Routines,Shaolin Luohanquan,Argentina,Avalos Violeta,Group B Barehand,Thu Oct 8,08:00,FOP 1,
Group B,Female,12–14 (born 2012–2014),Barehand,Shaolinquan Routines,Shaolin Luohanquan,Argentina,Fleitas Jennifer,Group B Barehand,Thu Oct 8,08:00,FOP 1,
Group B,Female,12–14 (born 2012–2014),Barehand,Shaolinquan Routines,Shaolin Luohanquan,Argentina,Mereles Giuliana,Group B Barehand,Thu Oct 8,08:00,FOP 1,
Group B,Female,12–14 (born 2012–2014),Barehand,Shaolinquan Routines,Shaolin Luohanquan,Peru,AQUIMA CAMILA MILAGROS,Group B Barehand,Thu Oct 8,08:00,FOP 1,
Group B,Female,12–14 (born 2012–2014),Barehand,Shaolinquan Routines,Shaolin Luohanquan,Peru,CUADROS LUNA VICTORIA,Group B Barehand,Thu Oct 8,08:00,FOP 1,
Group B,Female,12–14 (born 2012–2014),Barehand,Shaolinquan Routines,Shaolin Luohanquan,Peru,FERNANDEZ DANNA NICOLE,Group B Barehand,Thu Oct 8,08:00,FOP 1,
Group B,Female,12–14 (born 2012–2014),Barehand,Shaolinquan Routines,Shaolin Luohanquan,Argentina,ROBLEDO AMELIE,Group B Barehand,Thu Oct 8,08:00,FOP 1,
Group B,Female,12–14 (born 2012–2014),Barehand,Taijiquan Routines,42 Taijiquan,Canada,Li Shiwen,Group B Taijiquan,Thu Oct 8,09:05,FOP 3,
Group B,Female,12–14 (born 2012–2014),Barehand,Taijiquan Routines,42 Taijiquan,United States of America,Leung Angelina,Group B Taijiquan,Thu Oct 8,09:05,FOP 3,
Group B,Female,12–14 (born 2012–2014),Barehand,Taijiquan Routines,42 Taijiquan,United States of America,Shen Caitlyn,Group B Taijiquan,Thu Oct 8,09:05,FOP 3,
Group B,Female,12–14 (born 2012–2014),Barehand,Taijiquan Routines,Other Style Taijiquan,United States of America,Tesch Thalia,Group B Taijiquan,Thu Oct 8,09:05,FOP 3,
Group B,Female,12–14 (born 2012–2014),Barehand,Wing Chun,Siu Nim Tao,United States of America,Mendenhall Evelyn,Group B Barehand,Thu Oct 8,08:00,FOP 1,
Group B,Female,12–14 (born 2012–2014),Weapon,Double-weapon routines,Shuangbishou (Doublé Daggers),Brazil,DE CARVALHO DIAS Ana Luiza,Group B Weapon,Thu Oct 8,14:00,FOP 1,Group B Weapon runs in two blocks: 14:00 (71) and 16:20 (20)
Group B,Female,12–14 (born 2012–2014),Weapon,Double-weapon routines,Shuangbishou (Doublé Daggers),United States of America,Jian Emina,Group B Weapon,Thu Oct 8,14:00,FOP 1,Group B Weapon runs in two blocks: 14:00 (71) and 16:20 (20)
Group B,Female,12–14 (born 2012–2014),Weapon,Double-weapon routines,Shuangbishou (Doublé Daggers),United States of America,McKay Sofia Isabela,Group B Weapon,Thu Oct 8,14:00,FOP 1,Group B Weapon runs in two blocks: 14:00 (71) and 16:20 (20)
Group B,Female,12–14 (born 2012–2014),Addl. Weapon,Double-weapon routines,Shuangjian (Double Straight Sword/ Double Long Tassel Straight Sword),United States of America,Leung Angelina,Group B Weapon,Thu Oct 8,14:00,FOP 1,Group B Weapon runs in two blocks: 14:00 (71) and 16:20 (20)
Group B,Female,12–14 (born 2012–2014),Addl. Weapon,Double-weapon routines,Shuangjian (Double Straight Sword/ Double Long Tassel Straight Sword),United States of America,Yan Amber,Group B Weapon,Thu Oct 8,14:00,FOP 1,Group B Weapon runs in two blocks: 14:00 (71) and 16:20 (20)
Group B,Female,12–14 (born 2012–2014),Weapon,Double-weapon routines,Shuangjian (Double Straight Sword/ Double Long Tassel Straight Sword),United States of America,Leyesa Juliet Noelle,Group B Weapon,Thu Oct 8,14:00,FOP 1,Group B Weapon runs in two blocks: 14:00 (71) and 16:20 (20)
Group B,Female,12–14 (born 2012–2014),Weapon,Double-weapon routines,Other double weapon,Peru,RAMIREZ AMY ROSARIO,Group B Weapon,Thu Oct 8,14:00,FOP 1,Group B Weapon runs in two blocks: 14:00 (71) and 16:20 (20)
Group B,Female,12–14 (born 2012–2014),Addl. Weapon,Double-weapon routines,Other double weapon,Peru,AQUIMA CAMILA MILAGROS,Group B Weapon,Thu Oct 8,14:00,FOP 1,Group B Weapon runs in two blocks: 14:00 (71) and 16:20 (20)
Group B,Female,12–14 (born 2012–2014),Addl. Weapon,Double-weapon routines,Other double weapon,Peru,CUADROS LUNA VICTORIA,Group B Weapon,Thu Oct 8,14:00,FOP 1,Group B Weapon runs in two blocks: 14:00 (71) and 16:20 (20)
Group B,Female,12–14 (born 2012–2014),Addl. Weapon,Double-weapon routines,Other double weapon,Peru,FERNANDEZ MARIA FERNANDA,Group B Weapon,Thu Oct 8,14:00,FOP 1,Group B Weapon runs in two blocks: 14:00 (71) and 16:20 (20)
Group B,Female,12–14 (born 2012–2014),Addl. Weapon,Double-weapon routines,Other double weapon,Peru,NOGUERA MEGHAN ALEJANDRA,Group B Weapon,Thu Oct 8,14:00,FOP 1,Group B Weapon runs in two blocks: 14:00 (71) and 16:20 (20)
Group B,Female,12–14 (born 2012–2014),Addl. Weapon,Double-weapon routines,Other double weapon,Peru,RAMIREZ AMY ROSARIO,Group B Weapon,Thu Oct 8,14:00,FOP 1,Group B Weapon runs in two blocks: 14:00 (71) and 16:20 (20)
Group B,Female,12–14 (born 2012–2014),Weapon,Flexible Soft-weapon routines,Jiujiebian (Nine Section Whip Chain),United States of America,Li Alicia,Group B Weapon,Thu Oct 8,14:00,FOP 1,Group B Weapon runs in two blocks: 14:00 (71) and 16:20 (20)
Group B,Female,12–14 (born 2012–2014),Addl. Weapon,Flexible Soft-weapon routines,Jiujiebian (Nine Section Whip Chain),United States of America,Ye Catherine,Group B Weapon,Thu Oct 8,14:00,FOP 1,Group B Weapon runs in two blocks: 14:00 (71) and 16:20 (20)
Group B,Female,12–14 (born 2012–2014),Weapon,Flexible Soft-weapon routines,Other Traditional Flexible/soft-weapon Routines,United States of America,Carre Rayyah,Group B Weapon,Thu Oct 8,14:00,FOP 1,Group B Weapon runs in two blocks: 14:00 (71) and 16:20 (20)
Group B,Female,12–14 (born 2012–2014),Weapon,Shaolin Weapon Routines,Shaolin Nine-section Chain Whip,United States of America,Ye Sarah,Group B Weapon,Thu Oct 8,14:00,FOP 1,Group B Weapon runs in two blocks: 14:00 (71) and 16:20 (20)
Group B,Female,12–14 (born 2012–2014),Weapon,Shaolin Weapon Routines,Shaolin Dao,Argentina,Avalos Violeta,Group B Weapon,Thu Oct 8,14:00,FOP 1,Group B Weapon runs in two blocks: 14:00 (71) and 16:20 (20)
Group B,Female,12–14 (born 2012–2014),Weapon,Shaolin Weapon Routines,Shaolin Dao,Argentina,Fleitas Jennifer,Group B Weapon,Thu Oct 8,14:00,FOP 1,Group B Weapon runs in two blocks: 14:00 (71) and 16:20 (20)
Group B,Female,12–14 (born 2012–2014),Weapon,Shaolin Weapon Routines,Shaolin Dao,Argentina,Mereles Giuliana,Group B Weapon,Thu Oct 8,14:00,FOP 1,Group B Weapon runs in two blocks: 14:00 (71) and 16:20 (20)
Group B,Female,12–14 (born 2012–2014),Weapon,Shaolin Weapon Routines,Shaolin Dao,Bolivia,MONTECINOS ANGULO NATALIA SOFIA,Group B Weapon,Thu Oct 8,14:00,FOP 1,Group B Weapon runs in two blocks: 14:00 (71) and 16:20 (20)
Group B,Female,12–14 (born 2012–2014),Weapon,Shaolin Weapon Routines,Shaolin Dao,Peru,AQUIMA CAMILA MILAGROS,Group B Weapon,Thu Oct 8,14:00,FOP 1,Group B Weapon runs in two blocks: 14:00 (71) and 16:20 (20)
Group B,Female,12–14 (born 2012–2014),Weapon,Shaolin Weapon Routines,Shaolin Dao,Peru,CUADROS LUNA VICTORIA,Group B Weapon,Thu Oct 8,14:00,FOP 1,Group B Weapon runs in two blocks: 14:00 (71) and 16:20 (20)
Group B,Female,12–14 (born 2012–2014),Weapon,Shaolin Weapon Routines,Shaolin Dao,Peru,FERNANDEZ MARIA FERNANDA,Group B Weapon,Thu Oct 8,14:00,FOP 1,Group B Weapon runs in two blocks: 14:00 (71) and 16:20 (20)
Group B,Female,12–14 (born 2012–2014),Weapon,Shaolin Weapon Routines,Shaolin Dao,Peru,NOGUERA MEGHAN ALEJANDRA,Group B Weapon,Thu Oct 8,14:00,FOP 1,Group B Weapon runs in two blocks: 14:00 (71) and 16:20 (20)
Group B,Female,12–14 (born 2012–2014),Weapon,Shaolin Weapon Routines,Shaolin Dao,United States of America,Cheng Elyne,Group B Weapon,Thu Oct 8,14:00,FOP 1,Group B Weapon runs in two blocks: 14:00 (71) and 16:20 (20)
Group B,Female,12–14 (born 2012–2014),Weapon,Shaolin Weapon Routines,Shaolin Dao,United States of America,Mukesh Adithi,Group B Weapon,Thu Oct 8,14:00,FOP 1,Group B Weapon runs in two blocks: 14:00 (71) and 16:20 (20)
Group B,Female,12–14 (born 2012–2014),Weapon,Shaolin Weapon Routines,Shaolin Jian,Argentina,Padellaro Isabella,Group B Weapon,Thu Oct 8,14:00,FOP 1,Group B Weapon runs in two blocks: 14:00 (71) and 16:20 (20)
Group B,Female,12–14 (born 2012–2014),Weapon,Shaolin Weapon Routines,Shaolin Jian,United States of America,Ngo Jordan,Group B Weapon,Thu Oct 8,14:00,FOP 1,Group B Weapon runs in two blocks: 14:00 (71) and 16:20 (20)
Group B,Female,12–14 (born 2012–2014),Weapon,Shaolin Weapon Routines,Shaolin Jian,United States of America,Ye Catherine,Group B Weapon,Thu Oct 8,14:00,FOP 1,Group B Weapon runs in two blocks: 14:00 (71) and 16:20 (20)
Group B,Female,12–14 (born 2012–2014),Weapon,Shaolin Weapon Routines,Other Shaolin Short Weapons,Chile,Martinez Urriola Almendra,Group B Weapon,Thu Oct 8,14:00,FOP 1,Group B Weapon runs in two blocks: 14:00 (71) and 16:20 (20)
Group B,Female,12–14 (born 2012–2014),Weapon,Shaolin Weapon Routines,Other Shaolin Short Weapons,United States of America,Koh Makena,Group B Weapon,Thu Oct 8,14:00,FOP 1,Group B Weapon runs in two blocks: 14:00 (71) and 16:20 (20)
Group B,Female,12–14 (born 2012–2014),Addl. Weapon,Shaolin Weapon Routines,Other Shaolin Short Weapons,United States of America,Mukesh Adithi,Group B Weapon,Thu Oct 8,14:00,FOP 1,Group B Weapon runs in two blocks: 14:00 (71) and 16:20 (20)
Group B,Female,12–14 (born 2012–2014),Weapon,Single-weapon routines,Jian (Straight Sword),United States of America,Ng Wai Chin (Chriselle),Group B Weapon,Thu Oct 8,14:00,FOP 1,Group B Weapon runs in two blocks: 14:00 (71) and 16:20 (20)
Group B,Female,12–14 (born 2012–2014),Addl. Weapon,Single-weapon routines,Jian (Straight Sword),United States of America,Li Alicia,Group B Weapon,Thu Oct 8,14:00,FOP 1,Group B Weapon runs in two blocks: 14:00 (71) and 16:20 (20)
Group B,Female,12–14 (born 2012–2014),Weapon,Shaolin Weapon Routines,Shaolin Spear,Brazil,CONCEIÇÃO Lorena Silva,Group B Weapon,Thu Oct 8,14:00,FOP 1,Group B Weapon runs in two blocks: 14:00 (71) and 16:20 (20)
Group B,Female,12–14 (born 2012–2014),Addl. Weapon,Shaolin Weapon Routines,Shaolin Spear,United States of America,Ngo Jordan,Group B Weapon,Thu Oct 8,14:00,FOP 1,Group B Weapon runs in two blocks: 14:00 (71) and 16:20 (20)
Group B,Female,12–14 (born 2012–2014),Addl. Weapon,Shaolin Weapon Routines,Shaolin Spear,United States of America,Ye Sarah,Group B Weapon,Thu Oct 8,14:00,FOP 1,Group B Weapon runs in two blocks: 14:00 (71) and 16:20 (20)
Group B,Female,12–14 (born 2012–2014),Weapon,Shaolin Weapon Routines,Shaolin Staff,Argentina,Gadow Katalina Griselda,Group B Weapon,Thu Oct 8,14:00,FOP 1,Group B Weapon runs in two blocks: 14:00 (71) and 16:20 (20)
Group B,Female,12–14 (born 2012–2014),Weapon,Shaolin Weapon Routines,Shaolin Staff,Argentina,Olmedo Salinas Liz Candela,Group B Weapon,Thu Oct 8,14:00,FOP 1,Group B Weapon runs in two blocks: 14:00 (71) and 16:20 (20)
Group B,Female,12–14 (born 2012–2014),Weapon,Shaolin Weapon Routines,Shaolin Staff,Peru,FERNANDEZ DANNA NICOLE,Group B Weapon,Thu Oct 8,14:00,FOP 1,Group B Weapon runs in two blocks: 14:00 (71) and 16:20 (20)
Group B,Female,12–14 (born 2012–2014),Weapon,Shaolin Weapon Routines,Shaolin Staff,United States of America,Arunkumar Damayanthi,Group B Weapon,Thu Oct 8,14:00,FOP 1,Group B Weapon runs in two blocks: 14:00 (71) and 16:20 (20)
Group B,Female,12–14 (born 2012–2014),Addl. Weapon,Shaolin Weapon Routines,Other Shaolin Long Weapons,United States of America,Koh Makena,Group B Weapon,Thu Oct 8,14:00,FOP 1,Group B Weapon runs in two blocks: 14:00 (71) and 16:20 (20)
Group B,Female,12–14 (born 2012–2014),Weapon,Single-weapon routines,Pudao,Argentina,Riquelme Beltran Naomi,Group B Weapon,Thu Oct 8,14:00,FOP 1,Group B Weapon runs in two blocks: 14:00 (71) and 16:20 (20)
Group B,Female,12–14 (born 2012–2014),Weapon,Single-weapon routines,Qiang (Spear),Argentina,Alabarce Julieta,Group B Weapon,Thu Oct 8,14:00,FOP 1,Group B Weapon runs in two blocks: 14:00 (71) and 16:20 (20)
Group B,Female,12–14 (born 2012–2014),Weapon,Single-weapon routines,42-posture Taijijian,Canada,Li Shiwen,Group B Taiji Weapon,Thu Oct 8,11:30,FOP 3,
Group B,Female,12–14 (born 2012–2014),Weapon,Single-weapon routines,42-posture Taijijian,United States of America,Shen Caitlyn,Group B Taiji Weapon,Thu Oct 8,11:30,FOP 3,
Group B,Female,12–14 (born 2012–2014),Weapon,Single-weapon routines,42-posture Taijijian,United States of America,Yan Amber,Group B Taiji Weapon,Thu Oct 8,11:30,FOP 3,
Group B,Female,12–14 (born 2012–2014),Weapon,Single-weapon routines,Taijijian,United States of America,Leung Angelina,Group B Taiji Weapon,Thu Oct 8,11:30,FOP 3,
Group B,Female,12–14 (born 2012–2014),Weapon,Single-weapon routines,Taijijian,United States of America,Tesch Thalia,Group B Taiji Weapon,Thu Oct 8,11:30,FOP 3,
Group B,Female,12–14 (born 2012–2014),Addl. Weapon,Single-weapon routines,Taijidao,United States of America,Arunkumar Damayanthi,Group B Taiji Weapon,Thu Oct 8,11:30,FOP 3,
Group B,Female,12–14 (born 2012–2014),Addl. Weapon,Single-weapon routines,Taijishan,United States of America,Shen Caitlyn,Group B Taiji Weapon,Thu Oct 8,11:30,FOP 3,
Group B,Female,12–14 (born 2012–2014),Addl. Weapon,Single-weapon routines,Taijishan,United States of America,Tesch Thalia,Group B Taiji Weapon,Thu Oct 8,11:30,FOP 3,
Group B,Female,12–14 (born 2012–2014),Weapon,Single-weapon routines,Nandao (Southern Broadsword),United States of America,Zhang Summer,Group B Weapon,Thu Oct 8,14:00,FOP 1,Group B Weapon runs in two blocks: 14:00 (71) and 16:20 (20)
Group B,Female,12–14 (born 2012–2014),Addl. Weapon,Single-weapon routines,Nandao (Southern Broadsword),United States of America,Jian Emina,Group B Weapon,Thu Oct 8,14:00,FOP 1,Group B Weapon runs in two blocks: 14:00 (71) and 16:20 (20)
Group B,Female,12–14 (born 2012–2014),Addl. Weapon,Single-weapon routines,Nangun (Southern Staff/Cudgel),United States of America,Zhang Summer,Group B Weapon,Thu Oct 8,14:00,FOP 1,Group B Weapon runs in two blocks: 14:00 (71) and 16:20 (20)
Group B,Female,12–14 (born 2012–2014),Weapon,Single-weapon routines,Shanzi (Fan),Brazil,FONSECA Júlia Falcão Fernandes,Group B Weapon,Thu Oct 8,14:00,FOP 1,Group B Weapon runs in two blocks: 14:00 (71) and 16:20 (20)
Group B,Female,12–14 (born 2012–2014),Weapon,Single-weapon routines,Shanzi (Fan),Mexico,ZARAGOZA Sora,Group B Weapon,Thu Oct 8,14:00,FOP 1,Group B Weapon runs in two blocks: 14:00 (71) and 16:20 (20)
Group B,Female,12–14 (born 2012–2014),Weapon,Single-weapon routines,Shanzi (Fan),United States of America,Nadella Sreya,Group B Weapon,Thu Oct 8,14:00,FOP 1,Group B Weapon runs in two blocks: 14:00 (71) and 16:20 (20)
Group B,Male,12–14 (born 2012–2014),Barehand,Nanquan-type events,Choy Lay Fut (Cailifo Quan),Argentina,Osorio Ezequiel,Group B Barehand,Thu Oct 8,08:00,FOP 1,
Group B,Male,12–14 (born 2012–2014),Barehand,Nanquan-type events,Choy Lay Fut (Cailifo Quan),United States of America,Datar Atharva,Group B Barehand,Thu Oct 8,08:00,FOP 1,
Group B,Male,12–14 (born 2012–2014),Barehand,Nanquan-type events,Otros estilos sureños.,United States of America,Cheng Arthur,Group B Barehand,Thu Oct 8,08:00,FOP 1,
Group B,Male,12–14 (born 2012–2014),Barehand,Nanquan-type events,Otros estilos sureños.,United States of America,Roldan Brayden,Group B Barehand,Thu Oct 8,08:00,FOP 1,
Group B,Male,12–14 (born 2012–2014),Barehand,Other Northern Style,Baji Quan,United States of America,Pinedo Aaron,Group B Barehand,Thu Oct 8,08:00,FOP 1,
Group B,Male,12–14 (born 2012–2014),Barehand,Other Northern Style,Baji Quan,United States of America,Zhu Eric,Group B Barehand,Thu Oct 8,08:00,FOP 1,
Group B,Male,12–14 (born 2012–2014),Barehand,Other Northern Style,Cha Quan,United States of America,Gaan Miles,Group B Barehand,Thu Oct 8,08:00,FOP 1,
Group B,Male,12–14 (born 2012–2014),Barehand,Other Northern Style,Cha Quan,United States of America,Wong Matthew Yum Ping,Group B Barehand,Thu Oct 8,08:00,FOP 1,
Group B,Male,12–14 (born 2012–2014),Barehand,Other Northern Style,Fanzi Quan,United States of America,Li Alex,Group B Barehand,Thu Oct 8,08:00,FOP 1,
Group B,Male,12–14 (born 2012–2014),Barehand,Other Northern Style,Fanzi Quan,United States of America,Liang Aaron,Group B Barehand,Thu Oct 8,08:00,FOP 1,
Group B,Male,12–14 (born 2012–2014),Barehand,Other Northern Style,Hua Quan,United States of America,Thio Julian,Group B Barehand,Thu Oct 8,08:00,FOP 1,
Group B,Male,12–14 (born 2012–2014),Barehand,Other Northern Style,Wudang Quan,United States of America,Chong Kaihua,Group B Barehand,Thu Oct 8,08:00,FOP 1,
Group B,Male,12–14 (born 2012–2014),Barehand,Other Northern Style,Wudang Quan,United States of America,Kocharlakota Abhinav,Group B Barehand,Thu Oct 8,08:00,FOP 1,
Group B,Male,12–14 (born 2012–2014),Barehand,Other Northern Style,other types of traditional styles,Brazil,DELGADO Artur da Silva,Group B Barehand,Thu Oct 8,08:00,FOP 1,
Group B,Male,12–14 (born 2012–2014),Barehand,Other Northern Style,other types of traditional styles,United States of America,Croughwell Maximus,Group B Barehand,Thu Oct 8,08:00,FOP 1,
Group B,Male,12–14 (born 2012–2014),Barehand,Other Northern Style,Estilos de imitación,United States of America,Taff Timothy,Group B Barehand,Thu Oct 8,08:00,FOP 1,
Group B,Male,12–14 (born 2012–2014),Barehand,Shaolinquan Routines,Other Shaolin Barehand,Argentina,Llampa Machuca Bautista Americo,Group B Barehand,Thu Oct 8,08:00,FOP 1,
Group B,Male,12–14 (born 2012–2014),Barehand,Shaolinquan Routines,Other Shaolin Barehand,Bolivia,HUANACUNI PINEDO HUASKAR SORIAM,Group B Barehand,Thu Oct 8,08:00,FOP 1,
Group B,Male,12–14 (born 2012–2014),Barehand,Shaolinquan Routines,Other Shaolin Barehand,Bolivia,QUISPE MAMANI THYAGO MILAN,Group B Barehand,Thu Oct 8,08:00,FOP 1,
Group B,Male,12–14 (born 2012–2014),Barehand,Shaolinquan Routines,Other Shaolin Barehand,Peru,CABALLERO CRISTHIAN JAIR,Group B Barehand,Thu Oct 8,08:00,FOP 1,
Group B,Male,12–14 (born 2012–2014),Barehand,Shaolinquan Routines,Other Shaolin Barehand,Peru,CALCINA EDUARDO MARTIN,Group B Barehand,Thu Oct 8,08:00,FOP 1,
Group B,Male,12–14 (born 2012–2014),Barehand,Shaolinquan Routines,Other Shaolin Barehand,Peru,QUISPE JUAN DAVID,Group B Barehand,Thu Oct 8,08:00,FOP 1,
Group B,Male,12–14 (born 2012–2014),Barehand,Shaolinquan Routines,Other Shaolin Barehand,Peru,SALAS PAULO BENJAMÍN,Group B Barehand,Thu Oct 8,08:00,FOP 1,
Group B,Male,12–14 (born 2012–2014),Barehand,Shaolinquan Routines,Shaolin Hongquan,Argentina,Acosta Tahiel,Group B Barehand,Thu Oct 8,08:00,FOP 1,
Group B,Male,12–14 (born 2012–2014),Barehand,Shaolinquan Routines,Shaolin Luohanquan,Argentina,Almada Carlos,Group B Barehand,Thu Oct 8,08:00,FOP 1,
Group B,Male,12–14 (born 2012–2014),Barehand,Shaolinquan Routines,Shaolin Luohanquan,Argentina,ALEGRE CATRIEL,Group B Barehand,Thu Oct 8,08:00,FOP 1,
Group B,Male,12–14 (born 2012–2014),Barehand,Shaolinquan Routines,Shaolin Luohanquan,Argentina,TORRES BRIAN,Group B Barehand,Thu Oct 8,08:00,FOP 1,
Group B,Male,12–14 (born 2012–2014),Barehand,Taijiquan Routines,24 Taijiquan,Argentina,Filadoro Octavio,Group B Taijiquan,Thu Oct 8,09:05,FOP 3,
Group B,Male,12–14 (born 2012–2014),Barehand,Taijiquan Routines,24 Taijiquan,United States of America,Zhao Eric,Group B Taijiquan,Thu Oct 8,09:05,FOP 3,
Group B,Male,12–14 (born 2012–2014),Weapon,Double-weapon routines,Shuangdao (Double Broadsword),United States of America,Chong Kaihua,Group B Weapon,Thu Oct 8,14:00,FOP 1,Group B Weapon runs in two blocks: 14:00 (71) and 16:20 (20)
Group B,Male,12–14 (born 2012–2014),Weapon,Double-weapon routines,Shuangdao (Double Broadsword),United States of America,Pinedo Aaron,Group B Weapon,Thu Oct 8,14:00,FOP 1,Group B Weapon runs in two blocks: 14:00 (71) and 16:20 (20)
Group B,Male,12–14 (born 2012–2014),Addl. Weapon,Double-weapon routines,Other double weapon,Peru,CALCINA EDUARDO MARTIN,Group B Weapon,Thu Oct 8,14:00,FOP 1,Group B Weapon runs in two blocks: 14:00 (71) and 16:20 (20)
Group B,Male,12–14 (born 2012–2014),Weapon,Flexible Soft-weapon routines,Jiujiebian (Nine Section Whip Chain),United States of America,Li Alex,Group B Weapon,Thu Oct 8,14:00,FOP 1,Group B Weapon runs in two blocks: 14:00 (71) and 16:20 (20)
Group B,Male,12–14 (born 2012–2014),Weapon,Flexible Soft-weapon routines,Jiujiebian (Nine Section Whip Chain),United States of America,Taff Timothy,Group B Weapon,Thu Oct 8,14:00,FOP 1,Group B Weapon runs in two blocks: 14:00 (71) and 16:20 (20)
Group B,Male,12–14 (born 2012–2014),Addl. Weapon,Shaolin Weapon Routines,Shaolin Nine-section Chain Whip,United States of America,Cheng Arthur,Group B Weapon,Thu Oct 8,14:00,FOP 1,Group B Weapon runs in two blocks: 14:00 (71) and 16:20 (20)
Group B,Male,12–14 (born 2012–2014),Addl. Weapon,Shaolin Weapon Routines,Shaolin Nine-section Chain Whip,United States of America,Roldan Brayden,Group B Weapon,Thu Oct 8,14:00,FOP 1,Group B Weapon runs in two blocks: 14:00 (71) and 16:20 (20)
Group B,Male,12–14 (born 2012–2014),Weapon,Shaolin Weapon Routines,Shaolin Nine-section Chain Whip,Peru,QUISPE JUAN DAVID,Group B Weapon,Thu Oct 8,14:00,FOP 1,Group B Weapon runs in two blocks: 14:00 (71) and 16:20 (20)
Group B,Male,12–14 (born 2012–2014),Weapon,Shaolin Weapon Routines,Shaolin Nine-section Chain Whip,United States of America,Kocharlakota Abhinav,Group B Weapon,Thu Oct 8,14:00,FOP 1,Group B Weapon runs in two blocks: 14:00 (71) and 16:20 (20)
Group B,Male,12–14 (born 2012–2014),Weapon,Shaolin Weapon Routines,Shaolin Dao,Bolivia,QUISPE MAMANI THYAGO MILAN,Group B Weapon,Thu Oct 8,14:00,FOP 1,Group B Weapon runs in two blocks: 14:00 (71) and 16:20 (20)
Group B,Male,12–14 (born 2012–2014),Weapon,Shaolin Weapon Routines,Shaolin Dao,Peru,CALCINA EDUARDO MARTIN,Group B Weapon,Thu Oct 8,14:00,FOP 1,Group B Weapon runs in two blocks: 14:00 (71) and 16:20 (20)
Group B,Male,12–14 (born 2012–2014),Weapon,Shaolin Weapon Routines,Shaolin Dao,United States of America,Cheng Arthur,Group B Weapon,Thu Oct 8,14:00,FOP 1,Group B Weapon runs in two blocks: 14:00 (71) and 16:20 (20)
Group B,Male,12–14 (born 2012–2014),Weapon,Shaolin Weapon Routines,Shaolin Dao,United States of America,Gaan Miles,Group B Weapon,Thu Oct 8,14:00,FOP 1,Group B Weapon runs in two blocks: 14:00 (71) and 16:20 (20)
Group B,Male,12–14 (born 2012–2014),Weapon,Shaolin Weapon Routines,Shaolin Dao,United States of America,Roldan Brayden,Group B Weapon,Thu Oct 8,14:00,FOP 1,Group B Weapon runs in two blocks: 14:00 (71) and 16:20 (20)
Group B,Male,12–14 (born 2012–2014),Weapon,Shaolin Weapon Routines,Shaolin Dao,United States of America,Wong Matthew Yum Ping,Group B Weapon,Thu Oct 8,14:00,FOP 1,Group B Weapon runs in two blocks: 14:00 (71) and 16:20 (20)
Group B,Male,12–14 (born 2012–2014),Weapon,Shaolin Weapon Routines,Shaolin Dao,United States of America,Zhu Eric,Group B Weapon,Thu Oct 8,14:00,FOP 1,Group B Weapon runs in two blocks: 14:00 (71) and 16:20 (20)
Group B,Male,12–14 (born 2012–2014),Addl. Weapon,Shaolin Weapon Routines,Shaolin Dao,Peru,QUISPE JUAN DAVID,Group B Weapon,Thu Oct 8,14:00,FOP 1,Group B Weapon runs in two blocks: 14:00 (71) and 16:20 (20)
Group B,Male,12–14 (born 2012–2014),Weapon,Shaolin Weapon Routines,Shaolin Dao,Argentina,ALEGRE CATRIEL,Group B Weapon,Thu Oct 8,14:00,FOP 1,Group B Weapon runs in two blocks: 14:00 (71) and 16:20 (20)
Group B,Male,12–14 (born 2012–2014),Weapon,Shaolin Weapon Routines,Shaolin Jian,Bolivia,HUANACUNI PINEDO HUASKAR SORIAM,Group B Weapon,Thu Oct 8,14:00,FOP 1,Group B Weapon runs in two blocks: 14:00 (71) and 16:20 (20)
Group B,Male,12–14 (born 2012–2014),Weapon,Shaolin Weapon Routines,Shaolin Jian,Peru,SALAS PAULO BENJAMÍN,Group B Weapon,Thu Oct 8,14:00,FOP 1,Group B Weapon runs in two blocks: 14:00 (71) and 16:20 (20)
Group B,Male,12–14 (born 2012–2014),Addl. Weapon,Shaolin Weapon Routines,Shaolin Jian,United States of America,Datar Atharva,Group B Weapon,Thu Oct 8,14:00,FOP 1,Group B Weapon runs in two blocks: 14:00 (71) and 16:20 (20)
Group B,Male,12–14 (born 2012–2014),Weapon,Shaolin Weapon Routines,Shaolin Staff,Argentina,Acosta Tahiel,Group B Weapon,Thu Oct 8,14:00,FOP 1,Group B Weapon runs in two blocks: 14:00 (71) and 16:20 (20)
Group B,Male,12–14 (born 2012–2014),Weapon,Shaolin Weapon Routines,Shaolin Staff,Argentina,Llampa Machuca Bautista Americo,Group B Weapon,Thu Oct 8,14:00,FOP 1,Group B Weapon runs in two blocks: 14:00 (71) and 16:20 (20)
Group B,Male,12–14 (born 2012–2014),Weapon,Shaolin Weapon Routines,Shaolin Staff,Argentina,TORRES BRIAN,Group B Weapon,Thu Oct 8,14:00,FOP 1,Group B Weapon runs in two blocks: 14:00 (71) and 16:20 (20)
Group B,Male,12–14 (born 2012–2014),Weapon,Shaolin Weapon Routines,Shaolin Staff,Peru,CABALLERO CRISTHIAN JAIR,Group B Weapon,Thu Oct 8,14:00,FOP 1,Group B Weapon runs in two blocks: 14:00 (71) and 16:20 (20)
Group B,Male,12–14 (born 2012–2014),Weapon,Shaolin Weapon Routines,Shaolin Staff,United States of America,Thio Julian,Group B Weapon,Thu Oct 8,14:00,FOP 1,Group B Weapon runs in two blocks: 14:00 (71) and 16:20 (20)
Group B,Male,12–14 (born 2012–2014),Addl. Weapon,Shaolin Weapon Routines,Shaolin Staff,United States of America,Gaan Miles,Group B Weapon,Thu Oct 8,14:00,FOP 1,Group B Weapon runs in two blocks: 14:00 (71) and 16:20 (20)
Group B,Male,12–14 (born 2012–2014),Addl. Weapon,Shaolin Weapon Routines,Shaolin Staff,United States of America,Kocharlakota Abhinav,Group B Weapon,Thu Oct 8,14:00,FOP 1,Group B Weapon runs in two blocks: 14:00 (71) and 16:20 (20)
Group B,Male,12–14 (born 2012–2014),Addl. Weapon,Shaolin Weapon Routines,Shaolin Staff,United States of America,Li Alex,Group B Weapon,Thu Oct 8,14:00,FOP 1,Group B Weapon runs in two blocks: 14:00 (71) and 16:20 (20)
Group B,Male,12–14 (born 2012–2014),Addl. Weapon,Shaolin Weapon Routines,Shaolin Spear,United States of America,Wong Matthew Yum Ping,Group B Weapon,Thu Oct 8,14:00,FOP 1,Group B Weapon runs in two blocks: 14:00 (71) and 16:20 (20)
Group B,Male,12–14 (born 2012–2014),Weapon,Single-weapon routines,Dao (Broadsword),Brazil,DELGADO Artur da Silva,Group B Weapon,Thu Oct 8,14:00,FOP 1,Group B Weapon runs in two blocks: 14:00 (71) and 16:20 (20)
Group B,Male,12–14 (born 2012–2014),Weapon,Single-weapon routines,Dao (Broadsword),United States of America,Croughwell Maximus,Group B Weapon,Thu Oct 8,14:00,FOP 1,Group B Weapon runs in two blocks: 14:00 (71) and 16:20 (20)
Group B,Male,12–14 (born 2012–2014),Addl. Weapon,Single-weapon routines,Jian (Straight Sword),United States of America,Liang Aaron,Group B Weapon,Thu Oct 8,14:00,FOP 1,Group B Weapon runs in two blocks: 14:00 (71) and 16:20 (20)
Group B,Male,12–14 (born 2012–2014),Addl. Weapon,Single-weapon routines,Jian (Straight Sword),United States of America,Pinedo Aaron,Group B Weapon,Thu Oct 8,14:00,FOP 1,Group B Weapon runs in two blocks: 14:00 (71) and 16:20 (20)
Group B,Male,12–14 (born 2012–2014),Weapon,Single-weapon routines,Shanzi (Fan),Argentina,Almada Carlos,Group B Weapon,Thu Oct 8,14:00,FOP 1,Group B Weapon runs in two blocks: 14:00 (71) and 16:20 (20)
Group B,Male,12–14 (born 2012–2014),Weapon,Single-weapon routines,Gun (Cudgel/Staff),United States of America,Datar Atharva,Group B Weapon,Thu Oct 8,14:00,FOP 1,Group B Weapon runs in two blocks: 14:00 (71) and 16:20 (20)
Group B,Male,12–14 (born 2012–2014),Addl. Weapon,Single-weapon routines,Gun (Cudgel/Staff),United States of America,Croughwell Maximus,Group B Weapon,Thu Oct 8,14:00,FOP 1,Group B Weapon runs in two blocks: 14:00 (71) and 16:20 (20)
Group B,Male,12–14 (born 2012–2014),Addl. Weapon,Single-weapon routines,Gun (Cudgel/Staff),United States of America,Taff Timothy,Group B Weapon,Thu Oct 8,14:00,FOP 1,Group B Weapon runs in two blocks: 14:00 (71) and 16:20 (20)
Group B,Male,12–14 (born 2012–2014),Weapon,Single-weapon routines,Pudao,Argentina,Osorio Ezequiel,Group B Weapon,Thu Oct 8,14:00,FOP 1,Group B Weapon runs in two blocks: 14:00 (71) and 16:20 (20)
Group B,Male,12–14 (born 2012–2014),Weapon,Single-weapon routines,Nandao (Southern Broadsword),United States of America,Liang Aaron,Group B Weapon,Thu Oct 8,14:00,FOP 1,Group B Weapon runs in two blocks: 14:00 (71) and 16:20 (20)
Group B,Male,12–14 (born 2012–2014),Addl. Weapon,Single-weapon routines,Nangun (Southern Staff/Cudgel),United States of America,Chong Kaihua,Group B Weapon,Thu Oct 8,14:00,FOP 1,Group B Weapon runs in two blocks: 14:00 (71) and 16:20 (20)
Group B,Male,12–14 (born 2012–2014),Weapon,Single-weapon routines,Taijijian,Argentina,Filadoro Octavio,Group B Taiji Weapon,Thu Oct 8,11:30,FOP 3,
Group B,Male,12–14 (born 2012–2014),Weapon,Single-weapon routines,Taijijian,United States of America,Zhao Eric,Group B Taiji Weapon,Thu Oct 8,11:30,FOP 3,
Group B,Male,12–14 (born 2012–2014),Addl. Weapon,Single-weapon routines,42-posture Taijijian,United States of America,Thio Julian,Group B Taiji Weapon,Thu Oct 8,11:30,FOP 3,
Group B,Male,12–14 (born 2012–2014),Addl. Weapon,Single-weapon routines,Taijishan,United States of America,Zhao Eric,Group B Taiji Weapon,Thu Oct 8,11:30,FOP 3,
Group C,Female,15–17 (born 2009–2011),Barehand,Nanquan-type events,Choy Lay Fut (Cailifo Quan),Brazil,DE GENARO Isabella Pontes,Group C Barehand,Thu Oct 8,08:00,FOP 2,
Group C,Female,15–17 (born 2009–2011),Barehand,Nanquan-type events,Otros estilos sureños.,Argentina,Ibañez Salgueiro Ingrid Nahiara,Group C Barehand,Thu Oct 8,08:00,FOP 2,
Group C,Female,15–17 (born 2009–2011),Barehand,Nanquan-type events,Otros estilos sureños.,Brazil,CARMO PITA Sophia Boecker do,Group C Barehand,Thu Oct 8,08:00,FOP 2,
Group C,Female,15–17 (born 2009–2011),Barehand,Other Northern Style,Baji Quan,United States of America,Chiu Alayna,Group C Barehand,Thu Oct 8,08:00,FOP 2,
Group C,Female,15–17 (born 2009–2011),Barehand,Other Northern Style,Baji Quan,United States of America,Mendoza Sophiena,Group C Barehand,Thu Oct 8,08:00,FOP 2,
Group C,Female,15–17 (born 2009–2011),Barehand,Other Northern Style,Cha Quan,Argentina,Ibarra Micaela,Group C Barehand,Thu Oct 8,08:00,FOP 2,
Group C,Female,15–17 (born 2009–2011),Barehand,Other Northern Style,Emei Quan,United States of America,Tiwari Ennishka,Group C Barehand,Thu Oct 8,08:00,FOP 2,
Group C,Female,15–17 (born 2009–2011),Barehand,Other Northern Style,other types of traditional styles,Brazil,NOGUEIRA Maria Rosa Figueiredo,Group C Barehand,Thu Oct 8,08:00,FOP 2,
Group C,Female,15–17 (born 2009–2011),Barehand,Other Northern Style,other types of traditional styles,United States of America,Nadella Divyamani,Group C Barehand,Thu Oct 8,08:00,FOP 2,
Group C,Female,15–17 (born 2009–2011),Barehand,Other Northern Style,Tongbei Quan,United States of America,Zhu Alice,Group C Barehand,Thu Oct 8,08:00,FOP 2,
Group C,Female,15–17 (born 2009–2011),Barehand,Other Northern Style,Estilos de imitación,United States of America,Halsted Caroline,Group C Barehand,Thu Oct 8,08:00,FOP 2,
Group C,Female,15–17 (born 2009–2011),Barehand,Other Northern Style,Estilos de imitación,United States of America,Yao Chenyue,Group C Barehand,Thu Oct 8,08:00,FOP 2,
Group C,Female,15–17 (born 2009–2011),Barehand,Shaolinquan Routines,Other Shaolin Barehand,Argentina,Guaymasi Naydu Ninawa,Group C Barehand,Thu Oct 8,08:00,FOP 2,
Group C,Female,15–17 (born 2009–2011),Barehand,Shaolinquan Routines,Other Shaolin Barehand,Argentina,Sanchez Frias Marianela,Group C Barehand,Thu Oct 8,08:00,FOP 2,
Group C,Female,15–17 (born 2009–2011),Barehand,Shaolinquan Routines,Other Shaolin Barehand,Argentina,Sieben Micaela,Group C Barehand,Thu Oct 8,08:00,FOP 2,
Group C,Female,15–17 (born 2009–2011),Barehand,Shaolinquan Routines,Other Shaolin Barehand,Bolivia,LOAYZA ENCINAS PAULA VICTORIA,Group C Barehand,Thu Oct 8,08:00,FOP 2,
Group C,Female,15–17 (born 2009–2011),Barehand,Shaolinquan Routines,Other Shaolin Barehand,Brazil,FARIA Anna Clara Figueiredo,Group C Barehand,Thu Oct 8,08:00,FOP 2,
Group C,Female,15–17 (born 2009–2011),Barehand,Shaolinquan Routines,Other Shaolin Barehand,Brazil,PIACITELLI Amanda Toso Batista,Group C Barehand,Thu Oct 8,08:00,FOP 2,
Group C,Female,15–17 (born 2009–2011),Barehand,Shaolinquan Routines,Shaolin Luohanquan,Argentina,Barreto Maria Jose,Group C Barehand,Thu Oct 8,08:00,FOP 2,
Group C,Female,15–17 (born 2009–2011),Barehand,Shaolinquan Routines,Shaolin Luohanquan,Argentina,Quispi León Abigail,Group C Barehand,Thu Oct 8,08:00,FOP 2,
Group C,Female,15–17 (born 2009–2011),Barehand,Shaolinquan Routines,Shaolin Luohanquan,Argentina,VILLALBA KAREN,Group C Barehand,Thu Oct 8,08:00,FOP 2,
Group C,Female,15–17 (born 2009–2011),Barehand,Shaolinquan Routines,Shaolin Luohanquan,Peru,ESCUDERO LESLIE ALEXANDRA,Group C Barehand,Thu Oct 8,08:00,FOP 2,
Group C,Female,15–17 (born 2009–2011),Barehand,Taijiquan Routines,42 Taijiquan,United States of America,Cheng Kathleen,Group C Taijiquan,Thu Oct 8,09:35,FOP 3,
Group C,Female,15–17 (born 2009–2011),Barehand,Taijiquan Routines,42 Taijiquan,United States of America,Matrisciano Sofia,Group C Taijiquan,Thu Oct 8,09:35,FOP 3,
Group C,Female,15–17 (born 2009–2011),Barehand,Taijiquan Routines,Chen Taijiquan,Argentina,Romero Monsalve Guadalupe Gisela,Group C Taijiquan,Thu Oct 8,09:35,FOP 3,
Group C,Female,15–17 (born 2009–2011),Barehand,Taijiquan Routines,Chen Taijiquan,Brazil,DO NASCIMENTO Kemilly Karolinny da Silva,Group C Taijiquan,Thu Oct 8,09:35,FOP 3,
Group C,Female,15–17 (born 2009–2011),Barehand,Taijiquan Routines,Chen Taijiquan,United States of America,Koka Saesha,Group C Taijiquan,Thu Oct 8,09:35,FOP 3,
Group C,Female,15–17 (born 2009–2011),Barehand,Taijiquan Routines,Chen Taijiquan,United States of America,Li Phoenix,Group C Taijiquan,Thu Oct 8,09:35,FOP 3,
Group C,Female,15–17 (born 2009–2011),Barehand,Taijiquan Routines,24 Taijiquan,United States of America,Lu Fionna,Group C Taijiquan,Thu Oct 8,09:35,FOP 3,
Group C,Female,15–17 (born 2009–2011),Barehand,Taijiquan Routines,Other Style Taijiquan,United States of America,Hsu Lindsay,Group C Taijiquan,Thu Oct 8,09:35,FOP 3,
Group C,Female,15–17 (born 2009–2011),Barehand,Taijiquan Routines,Other Style Taijiquan,United States of America,Lu Samantha,Group C Taijiquan,Thu Oct 8,09:35,FOP 3,
Group C,Female,15–17 (born 2009–2011),Barehand,Taijiquan Routines,Yang Taijiquan,United States of America,Harris Kim-Lan,Group C Taijiquan,Thu Oct 8,09:35,FOP 3,
Group C,Female,15–17 (born 2009–2011),Barehand,Wing Chun,Siu Nim Tao,United States of America,Shotton Rainah,Group C Barehand,Thu Oct 8,08:00,FOP 2,
Group C,Female,15–17 (born 2009–2011),Weapon,Double-weapon routines,Shuangdao (Double Broadsword),United States of America,Chiu Alayna,Group C Weapon,Fri Oct 9,10:15,FOP 1,"Program lists Group C Weapon as only 20 entries at 10:15; roster has 91, so confirm with coach"
Group C,Female,15–17 (born 2009–2011),Weapon,Double-weapon routines,Shuangjian (Double Straight Sword/ Double Long Tassel Straight Sword),United States of America,Hsu Lindsay,Group C Weapon,Fri Oct 9,10:15,FOP 1,"Program lists Group C Weapon as only 20 entries at 10:15; roster has 91, so confirm with coach"
Group C,Female,15–17 (born 2009–2011),Weapon,Double-weapon routines,Shuangjian (Double Straight Sword/ Double Long Tassel Straight Sword),United States of America,Zhu Alice,Group C Weapon,Fri Oct 9,10:15,FOP 1,"Program lists Group C Weapon as only 20 entries at 10:15; roster has 91, so confirm with coach"
Group C,Female,15–17 (born 2009–2011),Addl. Weapon,Double-weapon routines,Other double weapon,Peru,ESCUDERO LESLIE ALEXANDRA,Group C Weapon,Fri Oct 9,10:15,FOP 1,"Program lists Group C Weapon as only 20 entries at 10:15; roster has 91, so confirm with coach"
Group C,Female,15–17 (born 2009–2011),Addl. Weapon,Double-weapon routines,Shuangjian (Double Straight Sword/ Double Long Tassel Straight Sword),United States of America,Harris Kim-Lan,Group C Weapon,Fri Oct 9,10:15,FOP 1,"Program lists Group C Weapon as only 20 entries at 10:15; roster has 91, so confirm with coach"
Group C,Female,15–17 (born 2009–2011),Addl. Weapon,Double-weapon routines,Shuangjian (Double Straight Sword/ Double Long Tassel Straight Sword),United States of America,Matrisciano Sofia,Group C Weapon,Fri Oct 9,10:15,FOP 1,"Program lists Group C Weapon as only 20 entries at 10:15; roster has 91, so confirm with coach"
Group C,Female,15–17 (born 2009–2011),Weapon,Flexible Soft-weapon routines,Jiujiebian (Nine Section Whip Chain),Peru,SAAVEDRA ADA SOFÍA,Group C Weapon,Fri Oct 9,10:15,FOP 1,"Program lists Group C Weapon as only 20 entries at 10:15; roster has 91, so confirm with coach"
Group C,Female,15–17 (born 2009–2011),Weapon,Flexible Soft-weapon routines,Sanjiegun (Three Section Staff),United States of America,Halsted Caroline,Group C Weapon,Fri Oct 9,10:15,FOP 1,"Program lists Group C Weapon as only 20 entries at 10:15; roster has 91, so confirm with coach"
Group C,Female,15–17 (born 2009–2011),Addl. Weapon,Flexible Soft-weapon routines,Shuangjiegun (Nunchucks),United States of America,Chiu Alayna,Group C Weapon,Fri Oct 9,10:15,FOP 1,"Program lists Group C Weapon as only 20 entries at 10:15; roster has 91, so confirm with coach"
Group C,Female,15–17 (born 2009–2011),Weapon,Shaolin Weapon Routines,Shaolin Dao,Argentina,Barreto Maria Jose,Group C Weapon,Fri Oct 9,10:15,FOP 1,"Program lists Group C Weapon as only 20 entries at 10:15; roster has 91, so confirm with coach"
Group C,Female,15–17 (born 2009–2011),Weapon,Shaolin Weapon Routines,Shaolin Dao,Brazil,PIACITELLI Amanda Toso Batista,Group C Weapon,Fri Oct 9,10:15,FOP 1,"Program lists Group C Weapon as only 20 entries at 10:15; roster has 91, so confirm with coach"
Group C,Female,15–17 (born 2009–2011),Weapon,Shaolin Weapon Routines,Shaolin Dao,Peru,ESCUDERO LESLIE ALEXANDRA,Group C Weapon,Fri Oct 9,10:15,FOP 1,"Program lists Group C Weapon as only 20 entries at 10:15; roster has 91, so confirm with coach"
Group C,Female,15–17 (born 2009–2011),Weapon,Shaolin Weapon Routines,Shaolin Jian,Argentina,Sanchez Frias Marianela,Group C Weapon,Fri Oct 9,10:15,FOP 1,"Program lists Group C Weapon as only 20 entries at 10:15; roster has 91, so confirm with coach"
Group C,Female,15–17 (born 2009–2011),Weapon,Shaolin Weapon Routines,Shaolin Jian,Bolivia,LOAYZA ENCINAS PAULA VICTORIA,Group C Weapon,Fri Oct 9,10:15,FOP 1,"Program lists Group C Weapon as only 20 entries at 10:15; roster has 91, so confirm with coach"
Group C,Female,15–17 (born 2009–2011),Weapon,Shaolin Weapon Routines,Other Shaolin Short Weapons,Brazil,FARIA Anna Clara Figueiredo,Group C Weapon,Fri Oct 9,10:15,FOP 1,"Program lists Group C Weapon as only 20 entries at 10:15; roster has 91, so confirm with coach"
Group C,Female,15–17 (born 2009–2011),Weapon,Single-weapon routines,Shanzi (Fan),Argentina,Sieben Micaela,Group C Weapon,Fri Oct 9,10:15,FOP 1,"Program lists Group C Weapon as only 20 entries at 10:15; roster has 91, so confirm with coach"
Group C,Female,15–17 (born 2009–2011),Weapon,Shaolin Weapon Routines,Shaolin Staff,Argentina,Quispi León Abigail,Group C Weapon,Fri Oct 9,10:15,FOP 1,"Program lists Group C Weapon as only 20 entries at 10:15; roster has 91, so confirm with coach"
Group C,Female,15–17 (born 2009–2011),Weapon,Shaolin Weapon Routines,Shaolin Staff,Argentina,VILLALBA KAREN,Group C Weapon,Fri Oct 9,10:15,FOP 1,"Program lists Group C Weapon as only 20 entries at 10:15; roster has 91, so confirm with coach"
Group C,Female,15–17 (born 2009–2011),Weapon,Single-weapon routines,Gun (Cudgel/Staff),Argentina,Ibarra Micaela,Group C Weapon,Fri Oct 9,10:15,FOP 1,"Program lists Group C Weapon as only 20 entries at 10:15; roster has 91, so confirm with coach"
Group C,Female,15–17 (born 2009–2011),Addl. Weapon,Single-weapon routines,Qiang (Spear),United States of America,Yao Chenyue,Group C Weapon,Fri Oct 9,10:15,FOP 1,"Program lists Group C Weapon as only 20 entries at 10:15; roster has 91, so confirm with coach"
Group C,Female,15–17 (born 2009–2011),Weapon,Single-weapon routines,Guandao (Kwan Dao),United States of America,Nadella Divyamani,Group C Weapon,Fri Oct 9,10:15,FOP 1,"Program lists Group C Weapon as only 20 entries at 10:15; roster has 91, so confirm with coach"
Group C,Female,15–17 (born 2009–2011),Addl. Weapon,Single-weapon routines,Guandao (Kwan Dao),Peru,SAAVEDRA ADA SOFÍA,Group C Weapon,Fri Oct 9,10:15,FOP 1,"Program lists Group C Weapon as only 20 entries at 10:15; roster has 91, so confirm with coach"
Group C,Female,15–17 (born 2009–2011),Weapon,Shaolin Weapon Routines,Other Shaolin Long Weapons,Argentina,Guaymasi Naydu Ninawa,Group C Weapon,Fri Oct 9,10:15,FOP 1,"Program lists Group C Weapon as only 20 entries at 10:15; roster has 91, so confirm with coach"
Group C,Female,15–17 (born 2009–2011),Weapon,Shaolin Weapon Routines,Other Shaolin Long Weapons,United States of America,Lu Samantha,Group C Weapon,Fri Oct 9,10:15,FOP 1,"Program lists Group C Weapon as only 20 entries at 10:15; roster has 91, so confirm with coach"
Group C,Female,15–17 (born 2009–2011),Addl. Weapon,Single-weapon routines,Pudao,United States of America,Halsted Caroline,Group C Weapon,Fri Oct 9,10:15,FOP 1,"Program lists Group C Weapon as only 20 entries at 10:15; roster has 91, so confirm with coach"
Group C,Female,15–17 (born 2009–2011),Addl. Weapon,Single-weapon routines,Pudao,United States of America,Tiwari Ennishka,Group C Weapon,Fri Oct 9,10:15,FOP 1,"Program lists Group C Weapon as only 20 entries at 10:15; roster has 91, so confirm with coach"
Group C,Female,15–17 (born 2009–2011),Weapon,Single-weapon routines,Jian (Straight Sword),Brazil,CARMO PITA Sophia Boecker do,Group C Weapon,Fri Oct 9,10:15,FOP 1,"Program lists Group C Weapon as only 20 entries at 10:15; roster has 91, so confirm with coach"
Group C,Female,15–17 (born 2009–2011),Weapon,Single-weapon routines,Jian (Straight Sword),Brazil,NOGUEIRA Maria Rosa Figueiredo,Group C Weapon,Fri Oct 9,10:15,FOP 1,"Program lists Group C Weapon as only 20 entries at 10:15; roster has 91, so confirm with coach"
Group C,Female,15–17 (born 2009–2011),Weapon,Single-weapon routines,Jian (Straight Sword),United States of America,Mendoza Sophiena,Group C Weapon,Fri Oct 9,10:15,FOP 1,"Program lists Group C Weapon as only 20 entries at 10:15; roster has 91, so confirm with coach"
Group C,Female,15–17 (born 2009–2011),Weapon,Single-weapon routines,Jian (Straight Sword),United States of America,Tiwari Ennishka,Group C Weapon,Fri Oct 9,10:15,FOP 1,"Program lists Group C Weapon as only 20 entries at 10:15; roster has 91, so confirm with coach"
Group C,Female,15–17 (born 2009–2011),Weapon,Single-weapon routines,Jian (Straight Sword),United States of America,Yao Chenyue,Group C Weapon,Fri Oct 9,10:15,FOP 1,"Program lists Group C Weapon as only 20 entries at 10:15; roster has 91, so confirm with coach"
Group C,Female,15–17 (born 2009–2011),Weapon,Single-weapon routines,Nangun (Southern Staff/Cudgel),Argentina,Ibañez Salgueiro Ingrid Nahiara,Group C Weapon,Fri Oct 9,10:15,FOP 1,"Program lists Group C Weapon as only 20 entries at 10:15; roster has 91, so confirm with coach"
Group C,Female,15–17 (born 2009–2011),Weapon,Single-weapon routines,Nangun (Southern Staff/Cudgel),Brazil,DE GENARO Isabella Pontes,Group C Weapon,Fri Oct 9,10:15,FOP 1,"Program lists Group C Weapon as only 20 entries at 10:15; roster has 91, so confirm with coach"
Group C,Female,15–17 (born 2009–2011),Weapon,Single-weapon routines,42-posture Taijijian,United States of America,Cheng Kathleen,Group C Taiji Weapon,Fri Oct 9,08:00,FOP 3,
Group C,Female,15–17 (born 2009–2011),Weapon,Single-weapon routines,42-posture Taijijian,United States of America,Matrisciano Sofia,Group C Taiji Weapon,Fri Oct 9,08:00,FOP 3,
Group C,Female,15–17 (born 2009–2011),Weapon,Single-weapon routines,Taijijian,United States of America,Koka Saesha,Group C Taiji Weapon,Fri Oct 9,08:00,FOP 3,
Group C,Female,15–17 (born 2009–2011),Weapon,Single-weapon routines,Taijijian,United States of America,Lu Fionna,Group C Taiji Weapon,Fri Oct 9,08:00,FOP 3,
Group C,Female,15–17 (born 2009–2011),Addl. Weapon,Single-weapon routines,Taijijian,United States of America,Hsu Lindsay,Group C Taiji Weapon,Fri Oct 9,08:00,FOP 3,
Group C,Female,15–17 (born 2009–2011),Addl. Weapon,Single-weapon routines,Taijijian,United States of America,Li Phoenix,Group C Taiji Weapon,Fri Oct 9,08:00,FOP 3,
Group C,Female,15–17 (born 2009–2011),Addl. Weapon,Single-weapon routines,Taijijian,United States of America,Lu Samantha,Group C Taiji Weapon,Fri Oct 9,08:00,FOP 3,
Group C,Female,15–17 (born 2009–2011),Weapon,Single-weapon routines,Taijishan,Argentina,Romero Monsalve Guadalupe Gisela,Group C Taiji Weapon,Fri Oct 9,08:00,FOP 3,
Group C,Female,15–17 (born 2009–2011),Weapon,Single-weapon routines,Taijishan,Brazil,DO NASCIMENTO Kemilly Karolinny da Silva,Group C Taiji Weapon,Fri Oct 9,08:00,FOP 3,
Group C,Female,15–17 (born 2009–2011),Weapon,Single-weapon routines,Taijishan,United States of America,Harris Kim-Lan,Group C Taiji Weapon,Fri Oct 9,08:00,FOP 3,
Group C,Female,15–17 (born 2009–2011),Weapon,Single-weapon routines,Taijishan,United States of America,Li Phoenix,Group C Taiji Weapon,Fri Oct 9,08:00,FOP 3,
Group C,Female,15–17 (born 2009–2011),Addl. Weapon,Single-weapon routines,Taijishan,United States of America,Koka Saesha,Group C Taiji Weapon,Fri Oct 9,08:00,FOP 3,
Group C,Female,15–17 (born 2009–2011),Addl. Weapon,Single-weapon routines,Taijishan,United States of America,Lu Fionna,Group C Taiji Weapon,Fri Oct 9,08:00,FOP 3,
Group C,Male,15–17 (born 2009–2011),Barehand,Nanquan-type events,Choy Lay Fut (Cailifo Quan),Argentina,Gomez Salas Miguel Angel,Group C Barehand,Thu Oct 8,08:00,FOP 2,
Group C,Male,15–17 (born 2009–2011),Barehand,Nanquan-type events,Choy Lay Fut (Cailifo Quan),Brazil,CALAMARI Enzo Fantinati,Group C Barehand,Thu Oct 8,08:00,FOP 2,
Group C,Male,15–17 (born 2009–2011),Barehand,Nanquan-type events,Choy Lay Fut (Cailifo Quan),Brazil,ROSE Henrique Radovan,Group C Barehand,Thu Oct 8,08:00,FOP 2,
Group C,Male,15–17 (born 2009–2011),Barehand,Nanquan-type events,Hung Gar (Hongjia Quan),United States of America,Deepak Aadit,Group C Barehand,Thu Oct 8,08:00,FOP 2,
Group C,Male,15–17 (born 2009–2011),Barehand,Nanquan-type events,Otros estilos sureños.,United States of America,Chang Sean,Group C Barehand,Thu Oct 8,08:00,FOP 2,
Group C,Male,15–17 (born 2009–2011),Barehand,Nanquan-type events,Otros estilos sureños.,United States of America,Cheng Bryan,Group C Barehand,Thu Oct 8,08:00,FOP 2,
Group C,Male,15–17 (born 2009–2011),Barehand,Nanquan-type events,Otros estilos sureños.,United States of America,Cheng Eric,Group C Barehand,Thu Oct 8,08:00,FOP 2,
Group C,Male,15–17 (born 2009–2011),Barehand,Nanquan-type events,Otros estilos sureños.,United States of America,Ely Atom,Group C Barehand,Thu Oct 8,08:00,FOP 2,
Group C,Male,15–17 (born 2009–2011),Barehand,Nanquan-type events,Otros estilos sureños.,United States of America,Leung Tyler,Group C Barehand,Thu Oct 8,08:00,FOP 2,
Group C,Male,15–17 (born 2009–2011),Barehand,Nanquan-type events,Otros estilos sureños.,United States of America,Popp Adam,Group C Barehand,Thu Oct 8,08:00,FOP 2,
Group C,Male,15–17 (born 2009–2011),Barehand,Nanquan-type events,Otros estilos sureños.,United States of America,Ramos Contreras Sebastian,Group C Barehand,Thu Oct 8,08:00,FOP 2,
Group C,Male,15–17 (born 2009–2011),Barehand,Other Northern Style,Baji Quan,United States of America,Liu Justin,Group C Barehand,Thu Oct 8,08:00,FOP 2,
Group C,Male,15–17 (born 2009–2011),Barehand,Other Northern Style,Baji Quan,United States of America,Zhou Jason,Group C Barehand,Thu Oct 8,08:00,FOP 2,
Group C,Male,15–17 (born 2009–2011),Barehand,Other Northern Style,Cha Quan,United States of America,Bai Lawren,Group C Barehand,Thu Oct 8,08:00,FOP 2,
Group C,Male,15–17 (born 2009–2011),Barehand,Other Northern Style,Cha Quan,United States of America,Liu Shangshang,Group C Barehand,Thu Oct 8,08:00,FOP 2,
Group C,Male,15–17 (born 2009–2011),Barehand,Other Northern Style,Hua Quan,United States of America,Shi Ryan,Group C Barehand,Thu Oct 8,08:00,FOP 2,
Group C,Male,15–17 (born 2009–2011),Barehand,Other Northern Style,Emei Quan,United States of America,Santoso Ivan,Group C Barehand,Thu Oct 8,08:00,FOP 2,
Group C,Male,15–17 (born 2009–2011),Barehand,Other Northern Style,Estilos de imitación,United States of America,Lee Yu Heng Asher,Group C Barehand,Thu Oct 8,08:00,FOP 2,
Group C,Male,15–17 (born 2009–2011),Barehand,Other Northern Style,Estilos de imitación,United States of America,Lu Dazhi,Group C Barehand,Thu Oct 8,08:00,FOP 2,
Group C,Male,15–17 (born 2009–2011),Barehand,Nanquan-type events,Dishu Quan,United States of America,Arunkumar Abhiman,Group C Barehand,Thu Oct 8,08:00,FOP 2,
Group C,Male,15–17 (born 2009–2011),Barehand,Other Northern Style,Ditang Quan,United States of America,Tjhin Joshua,Group C Barehand,Thu Oct 8,08:00,FOP 2,
Group C,Male,15–17 (born 2009–2011),Barehand,Other Northern Style,Xingyi Quan,Argentina,Gonzalez Marcio,Group C Barehand,Thu Oct 8,08:00,FOP 2,
Group C,Male,15–17 (born 2009–2011),Barehand,Other Northern Style,Xingyi Quan,United States of America,Leyesa Nolan Christopher,Group C Barehand,Thu Oct 8,08:00,FOP 2,
Group C,Male,15–17 (born 2009–2011),Barehand,Other Northern Style,other types of traditional styles,Argentina,Ibañez Damian Matias,Group C Barehand,Thu Oct 8,08:00,FOP 2,
Group C,Male,15–17 (born 2009–2011),Barehand,Other Northern Style,other types of traditional styles,Argentina,Maldonado Isaias Brandon,Group C Barehand,Thu Oct 8,08:00,FOP 2,
Group C,Male,15–17 (born 2009–2011),Barehand,Other Northern Style,other types of traditional styles,Brazil,ANTOGNOLLI Lorenzo Saviane,Group C Barehand,Thu Oct 8,08:00,FOP 2,
Group C,Male,15–17 (born 2009–2011),Barehand,Other Northern Style,other types of traditional styles,Brazil,OQUIM Keruan França,Group C Barehand,Thu Oct 8,08:00,FOP 2,
Group C,Male,15–17 (born 2009–2011),Barehand,Other Northern Style,other types of traditional styles,United States of America,Siu Caffrey,Group C Barehand,Thu Oct 8,08:00,FOP 2,
Group C,Male,15–17 (born 2009–2011),Barehand,Shaolinquan Routines,Other Shaolin Barehand,Argentina,Galeano Lautaro Nicolas,Group C Barehand,Thu Oct 8,08:00,FOP 2,
Group C,Male,15–17 (born 2009–2011),Barehand,Shaolinquan Routines,Other Shaolin Barehand,Argentina,Torres Dylan Erick,Group C Barehand,Thu Oct 8,08:00,FOP 2,
Group C,Male,15–17 (born 2009–2011),Barehand,Shaolinquan Routines,Other Shaolin Barehand,Bolivia,PARRADO ROMERO ADIEL SILVER,Group C Barehand,Thu Oct 8,08:00,FOP 2,
Group C,Male,15–17 (born 2009–2011),Barehand,Shaolinquan Routines,Other Shaolin Barehand,Brazil,RINALDI Ruan Carlos,Group C Barehand,Thu Oct 8,08:00,FOP 2,
Group C,Male,15–17 (born 2009–2011),Barehand,Shaolinquan Routines,Other Shaolin Barehand,Brazil,SILVEIRA Rafael Andrade,Group C Barehand,Thu Oct 8,08:00,FOP 2,
Group C,Male,15–17 (born 2009–2011),Barehand,Shaolinquan Routines,Other Shaolin Barehand,Chile,Nuñez Guerra Ignacio Antonio,Group C Barehand,Thu Oct 8,08:00,FOP 2,
Group C,Male,15–17 (born 2009–2011),Barehand,Shaolinquan Routines,Other Shaolin Barehand,Peru,CUELA CARLOS LEONEL,Group C Barehand,Thu Oct 8,08:00,FOP 2,
Group C,Male,15–17 (born 2009–2011),Barehand,Shaolinquan Routines,Other Shaolin Barehand,Peru,MELENDEZ MILGER DANILO,Group C Barehand,Thu Oct 8,08:00,FOP 2,
Group C,Male,15–17 (born 2009–2011),Barehand,Shaolinquan Routines,Other Shaolin Barehand,United States of America,Fong Nathaniel,Group C Barehand,Thu Oct 8,08:00,FOP 2,
Group C,Male,15–17 (born 2009–2011),Barehand,Shaolinquan Routines,Other Shaolin Barehand,United States of America,Mishra Arnab,Group C Barehand,Thu Oct 8,08:00,FOP 2,
Group C,Male,15–17 (born 2009–2011),Barehand,Shaolinquan Routines,Other Shaolin Barehand,United States of America,Zeng Aaron,Group C Barehand,Thu Oct 8,08:00,FOP 2,
Group C,Male,15–17 (born 2009–2011),Barehand,Shaolinquan Routines,Shaolin Luohanquan,Argentina,Gomez Maximiliano,Group C Barehand,Thu Oct 8,08:00,FOP 2,
Group C,Male,15–17 (born 2009–2011),Barehand,Shaolinquan Routines,Shaolin Luohanquan,Argentina,Perez Ciro Emiliano,Group C Barehand,Thu Oct 8,08:00,FOP 2,
Group C,Male,15–17 (born 2009–2011),Barehand,Shaolinquan Routines,Shaolin Luohanquan,Peru,PUMACALLAHUE EMANUEL RODRIGO,Group C Barehand,Thu Oct 8,08:00,FOP 2,
Group C,Male,15–17 (born 2009–2011),Barehand,Taijiquan Routines,Chen Taijiquan,United States of America,Shen Justin,Group C Taijiquan,Thu Oct 8,09:35,FOP 3,
Group C,Male,15–17 (born 2009–2011),Barehand,Wing Chun,Biu Ji,United States of America,Roll Eli,Group C Barehand,Thu Oct 8,08:00,FOP 2,
Group C,Male,15–17 (born 2009–2011),Weapon,Double-weapon routines,Other double weapon,Peru,PUMACALLAHUE EMANUEL RODRIGO,Group C Weapon,Fri Oct 9,10:15,FOP 1,"Program lists Group C Weapon as only 20 entries at 10:15; roster has 91, so confirm with coach"
Group C,Male,15–17 (born 2009–2011),Addl. Weapon,Double-weapon routines,Other double weapon,Peru,CUELA CARLOS LEONEL,Group C Weapon,Fri Oct 9,10:15,FOP 1,"Program lists Group C Weapon as only 20 entries at 10:15; roster has 91, so confirm with coach"
Group C,Male,15–17 (born 2009–2011),Weapon,Double-weapon routines,Shuangbishou (Doublé Daggers),United States of America,Bitner Benjamin,Group C Weapon,Fri Oct 9,10:15,FOP 1,"Program lists Group C Weapon as only 20 entries at 10:15; roster has 91, so confirm with coach"
Group C,Male,15–17 (born 2009–2011),Weapon,Double-weapon routines,Shuangdao (Double Broadsword),United States of America,Cheng Bryan,Group C Weapon,Fri Oct 9,10:15,FOP 1,"Program lists Group C Weapon as only 20 entries at 10:15; roster has 91, so confirm with coach"
Group C,Male,15–17 (born 2009–2011),Weapon,Double-weapon routines,Shuangdao (Double Broadsword),United States of America,Lee Yu Heng Asher,Group C Weapon,Fri Oct 9,10:15,FOP 1,"Program lists Group C Weapon as only 20 entries at 10:15; roster has 91, so confirm with coach"
Group C,Male,15–17 (born 2009–2011),Weapon,Double-weapon routines,Shuangdao (Double Broadsword),United States of America,Leyesa Nolan Christopher,Group C Weapon,Fri Oct 9,10:15,FOP 1,"Program lists Group C Weapon as only 20 entries at 10:15; roster has 91, so confirm with coach"
Group C,Male,15–17 (born 2009–2011),Weapon,Flexible Soft-weapon routines,Jiujiebian (Nine Section Whip Chain),Peru,CUELA CARLOS LEONEL,Group C Weapon,Fri Oct 9,10:15,FOP 1,"Program lists Group C Weapon as only 20 entries at 10:15; roster has 91, so confirm with coach"
Group C,Male,15–17 (born 2009–2011),Weapon,Flexible Soft-weapon routines,Jiujiebian (Nine Section Whip Chain),United States of America,Bai Lawren,Group C Weapon,Fri Oct 9,10:15,FOP 1,"Program lists Group C Weapon as only 20 entries at 10:15; roster has 91, so confirm with coach"
Group C,Male,15–17 (born 2009–2011),Weapon,Flexible Soft-weapon routines,Jiujiebian (Nine Section Whip Chain),United States of America,Fong Nathaniel,Group C Weapon,Fri Oct 9,10:15,FOP 1,"Program lists Group C Weapon as only 20 entries at 10:15; roster has 91, so confirm with coach"
Group C,Male,15–17 (born 2009–2011),Addl. Weapon,Flexible Soft-weapon routines,Jiujiebian (Nine Section Whip Chain),Peru,MELENDEZ MILGER DANILO,Group C Weapon,Fri Oct 9,10:15,FOP 1,"Program lists Group C Weapon as only 20 entries at 10:15; roster has 91, so confirm with coach"
Group C,Male,15–17 (born 2009–2011),Addl. Weapon,Flexible Soft-weapon routines,Jiujiebian (Nine Section Whip Chain),United States of America,Arunkumar Abhiman,Group C Weapon,Fri Oct 9,10:15,FOP 1,"Program lists Group C Weapon as only 20 entries at 10:15; roster has 91, so confirm with coach"
Group C,Male,15–17 (born 2009–2011),Addl. Weapon,Shaolin Weapon Routines,Shaolin Nine-section Chain Whip,Canada,Ng Jing Hao Alexander,Group C Weapon,Fri Oct 9,10:15,FOP 1,"Program lists Group C Weapon as only 20 entries at 10:15; roster has 91, so confirm with coach"
Group C,Male,15–17 (born 2009–2011),Weapon,Flexible Soft-weapon routines,Sanjiegun (Three Section Staff),United States of America,Tjhin Joshua,Group C Weapon,Fri Oct 9,10:15,FOP 1,"Program lists Group C Weapon as only 20 entries at 10:15; roster has 91, so confirm with coach"
Group C,Male,15–17 (born 2009–2011),Weapon,Flexible Soft-weapon routines,Shuangjiegun (Nunchucks),United States of America,Chang Sean,Group C Weapon,Fri Oct 9,10:15,FOP 1,"Program lists Group C Weapon as only 20 entries at 10:15; roster has 91, so confirm with coach"
Group C,Male,15–17 (born 2009–2011),Weapon,Flexible Soft-weapon routines,Shuangjiegun (Nunchucks),United States of America,Santoso Ivan,Group C Weapon,Fri Oct 9,10:15,FOP 1,"Program lists Group C Weapon as only 20 entries at 10:15; roster has 91, so confirm with coach"
Group C,Male,15–17 (born 2009–2011),Weapon,Flexible Soft-weapon routines,Shuangjiegun (Nunchucks),United States of America,Shi Ryan,Group C Weapon,Fri Oct 9,10:15,FOP 1,"Program lists Group C Weapon as only 20 entries at 10:15; roster has 91, so confirm with coach"
Group C,Male,15–17 (born 2009–2011),Weapon,Shaolin Weapon Routines,Other Shaolin Short Weapons,Brazil,RINALDI Ruan Carlos,Group C Weapon,Fri Oct 9,10:15,FOP 1,"Program lists Group C Weapon as only 20 entries at 10:15; roster has 91, so confirm with coach"
Group C,Male,15–17 (born 2009–2011),Addl. Weapon,Shaolin Weapon Routines,Other Shaolin Short Weapons,United States of America,Cheng Eric,Group C Weapon,Fri Oct 9,10:15,FOP 1,"Program lists Group C Weapon as only 20 entries at 10:15; roster has 91, so confirm with coach"
Group C,Male,15–17 (born 2009–2011),Weapon,Shaolin Weapon Routines,Shaolin Dao,Brazil,SILVEIRA Rafael Andrade,Group C Weapon,Fri Oct 9,10:15,FOP 1,"Program lists Group C Weapon as only 20 entries at 10:15; roster has 91, so confirm with coach"
Group C,Male,15–17 (born 2009–2011),Weapon,Shaolin Weapon Routines,Shaolin Dao,Chile,Nuñez Guerra Ignacio Antonio,Group C Weapon,Fri Oct 9,10:15,FOP 1,"Program lists Group C Weapon as only 20 entries at 10:15; roster has 91, so confirm with coach"
Group C,Male,15–17 (born 2009–2011),Weapon,Shaolin Weapon Routines,Shaolin Dao,United States of America,Zhou Jason,Group C Weapon,Fri Oct 9,10:15,FOP 1,"Program lists Group C Weapon as only 20 entries at 10:15; roster has 91, so confirm with coach"
Group C,Male,15–17 (born 2009–2011),Weapon,Shaolin Weapon Routines,Shaolin Jian,Bolivia,PARRADO ROMERO ADIEL SILVER,Group C Weapon,Fri Oct 9,10:15,FOP 1,"Program lists Group C Weapon as only 20 entries at 10:15; roster has 91, so confirm with coach"
Group C,Male,15–17 (born 2009–2011),Weapon,Shaolin Weapon Routines,Shaolin Jian,Peru,MELENDEZ MILGER DANILO,Group C Weapon,Fri Oct 9,10:15,FOP 1,"Program lists Group C Weapon as only 20 entries at 10:15; roster has 91, so confirm with coach"
Group C,Male,15–17 (born 2009–2011),Addl. Weapon,Shaolin Weapon Routines,Shaolin Jian,United States of America,Mishra Arnab,Group C Weapon,Fri Oct 9,10:15,FOP 1,"Program lists Group C Weapon as only 20 entries at 10:15; roster has 91, so confirm with coach"
Group C,Male,15–17 (born 2009–2011),Weapon,Shaolin Weapon Routines,Other Shaolin Long Weapons,United States of America,Cheng Eric,Group C Weapon,Fri Oct 9,10:15,FOP 1,"Program lists Group C Weapon as only 20 entries at 10:15; roster has 91, so confirm with coach"
Group C,Male,15–17 (born 2009–2011),Weapon,Shaolin Weapon Routines,Shaolin Staff,Argentina,Galeano Lautaro Nicolas,Group C Weapon,Fri Oct 9,10:15,FOP 1,"Program lists Group C Weapon as only 20 entries at 10:15; roster has 91, so confirm with coach"
Group C,Male,15–17 (born 2009–2011),Weapon,Shaolin Weapon Routines,Shaolin Staff,Argentina,Gomez Maximiliano,Group C Weapon,Fri Oct 9,10:15,FOP 1,"Program lists Group C Weapon as only 20 entries at 10:15; roster has 91, so confirm with coach"
Group C,Male,15–17 (born 2009–2011),Weapon,Shaolin Weapon Routines,Shaolin Staff,Argentina,Perez Ciro Emiliano,Group C Weapon,Fri Oct 9,10:15,FOP 1,"Program lists Group C Weapon as only 20 entries at 10:15; roster has 91, so confirm with coach"
Group C,Male,15–17 (born 2009–2011),Weapon,Shaolin Weapon Routines,Shaolin Staff,Argentina,Torres Dylan Erick,Group C Weapon,Fri Oct 9,10:15,FOP 1,"Program lists Group C Weapon as only 20 entries at 10:15; roster has 91, so confirm with coach"
Group C,Male,15–17 (born 2009–2011),Weapon,Shaolin Weapon Routines,Shaolin Staff,Canada,Ng Jing Hao Alexander,Group C Weapon,Fri Oct 9,10:15,FOP 1,"Program lists Group C Weapon as only 20 entries at 10:15; roster has 91, so confirm with coach"
Group C,Male,15–17 (born 2009–2011),Weapon,Shaolin Weapon Routines,Shaolin Staff,United States of America,Arunkumar Abhiman,Group C Weapon,Fri Oct 9,10:15,FOP 1,"Program lists Group C Weapon as only 20 entries at 10:15; roster has 91, so confirm with coach"
Group C,Male,15–17 (born 2009–2011),Weapon,Shaolin Weapon Routines,Shaolin Staff,United States of America,Lu Dazhi,Group C Weapon,Fri Oct 9,10:15,FOP 1,"Program lists Group C Weapon as only 20 entries at 10:15; roster has 91, so confirm with coach"
Group C,Male,15–17 (born 2009–2011),Weapon,Shaolin Weapon Routines,Shaolin Staff,United States of America,Mishra Arnab,Group C Weapon,Fri Oct 9,10:15,FOP 1,"Program lists Group C Weapon as only 20 entries at 10:15; roster has 91, so confirm with coach"
Group C,Male,15–17 (born 2009–2011),Addl. Weapon,Shaolin Weapon Routines,Shaolin Staff,United States of America,Zeng Aaron,Group C Weapon,Fri Oct 9,10:15,FOP 1,"Program lists Group C Weapon as only 20 entries at 10:15; roster has 91, so confirm with coach"
Group C,Male,15–17 (born 2009–2011),Weapon,Single-weapon routines,42-posture Taijijian,United States of America,Shen Justin,Group C Taiji Weapon,Fri Oct 9,08:00,FOP 3,
Group C,Male,15–17 (born 2009–2011),Addl. Weapon,Single-weapon routines,Taijishan,United States of America,Shen Justin,Group C Taiji Weapon,Fri Oct 9,08:00,FOP 3,
Group C,Male,15–17 (born 2009–2011),Weapon,Single-weapon routines,Dao (Broadsword),Argentina,Gonzalez Marcio,Group C Weapon,Fri Oct 9,10:15,FOP 1,"Program lists Group C Weapon as only 20 entries at 10:15; roster has 91, so confirm with coach"
Group C,Male,15–17 (born 2009–2011),Weapon,Single-weapon routines,Dao (Broadsword),Argentina,Maldonado Isaias Brandon,Group C Weapon,Fri Oct 9,10:15,FOP 1,"Program lists Group C Weapon as only 20 entries at 10:15; roster has 91, so confirm with coach"
Group C,Male,15–17 (born 2009–2011),Weapon,Single-weapon routines,Dao (Broadsword),Brazil,OQUIM Keruan França,Group C Weapon,Fri Oct 9,10:15,FOP 1,"Program lists Group C Weapon as only 20 entries at 10:15; roster has 91, so confirm with coach"
Group C,Male,15–17 (born 2009–2011),Weapon,Single-weapon routines,Dao (Broadsword),United States of America,Ely Atom,Group C Weapon,Fri Oct 9,10:15,FOP 1,"Program lists Group C Weapon as only 20 entries at 10:15; roster has 91, so confirm with coach"
Group C,Male,15–17 (born 2009–2011),Weapon,Single-weapon routines,Dao (Broadsword),United States of America,Zeng Aaron,Group C Weapon,Fri Oct 9,10:15,FOP 1,"Program lists Group C Weapon as only 20 entries at 10:15; roster has 91, so confirm with coach"
Group C,Male,15–17 (born 2009–2011),Addl. Weapon,Single-weapon routines,Dao (Broadsword),United States of America,Deepak Aadit,Group C Weapon,Fri Oct 9,10:15,FOP 1,"Program lists Group C Weapon as only 20 entries at 10:15; roster has 91, so confirm with coach"
Group C,Male,15–17 (born 2009–2011),Addl. Weapon,Single-weapon routines,Dao (Broadsword),United States of America,Siu Caffrey,Group C Weapon,Fri Oct 9,10:15,FOP 1,"Program lists Group C Weapon as only 20 entries at 10:15; roster has 91, so confirm with coach"
Group C,Male,15–17 (born 2009–2011),Weapon,Single-weapon routines,Jian (Straight Sword),Brazil,ANTOGNOLLI Lorenzo Saviane,Group C Weapon,Fri Oct 9,10:15,FOP 1,"Program lists Group C Weapon as only 20 entries at 10:15; roster has 91, so confirm with coach"
Group C,Male,15–17 (born 2009–2011),Weapon,Single-weapon routines,Gun (Cudgel/Staff),Argentina,Ibañez Damian Matias,Group C Weapon,Fri Oct 9,10:15,FOP 1,"Program lists Group C Weapon as only 20 entries at 10:15; roster has 91, so confirm with coach"
Group C,Male,15–17 (born 2009–2011),Weapon,Single-weapon routines,Gun (Cudgel/Staff),United States of America,Deepak Aadit,Group C Weapon,Fri Oct 9,10:15,FOP 1,"Program lists Group C Weapon as only 20 entries at 10:15; roster has 91, so confirm with coach"
Group C,Male,15–17 (born 2009–2011),Weapon,Single-weapon routines,Gun (Cudgel/Staff),United States of America,Siu Caffrey,Group C Weapon,Fri Oct 9,10:15,FOP 1,"Program lists Group C Weapon as only 20 entries at 10:15; roster has 91, so confirm with coach"
Group C,Male,15–17 (born 2009–2011),Addl. Weapon,Single-weapon routines,Gun (Cudgel/Staff),United States of America,Tjhin Joshua,Group C Weapon,Fri Oct 9,10:15,FOP 1,"Program lists Group C Weapon as only 20 entries at 10:15; roster has 91, so confirm with coach"
Group C,Male,15–17 (born 2009–2011),Addl. Weapon,Single-weapon routines,Qiang (Spear),United States of America,Lee Yu Heng Asher,Group C Weapon,Fri Oct 9,10:15,FOP 1,"Program lists Group C Weapon as only 20 entries at 10:15; roster has 91, so confirm with coach"
Group C,Male,15–17 (born 2009–2011),Weapon,Single-weapon routines,Nandao (Southern Broadsword),Argentina,Gomez Salas Miguel Angel,Group C Weapon,Fri Oct 9,10:15,FOP 1,"Program lists Group C Weapon as only 20 entries at 10:15; roster has 91, so confirm with coach"
Group C,Male,15–17 (born 2009–2011),Weapon,Single-weapon routines,Nandao (Southern Broadsword),United States of America,Popp Adam,Group C Weapon,Fri Oct 9,10:15,FOP 1,"Program lists Group C Weapon as only 20 entries at 10:15; roster has 91, so confirm with coach"
Group C,Male,15–17 (born 2009–2011),Weapon,Single-weapon routines,Nandao (Southern Broadsword),United States of America,Ramos Contreras Sebastian,Group C Weapon,Fri Oct 9,10:15,FOP 1,"Program lists Group C Weapon as only 20 entries at 10:15; roster has 91, so confirm with coach"
Group C,Male,15–17 (born 2009–2011),Weapon,Single-weapon routines,Nangun (Southern Staff/Cudgel),Brazil,CALAMARI Enzo Fantinati,Group C Weapon,Fri Oct 9,10:15,FOP 1,"Program lists Group C Weapon as only 20 entries at 10:15; roster has 91, so confirm with coach"
Group C,Male,15–17 (born 2009–2011),Weapon,Single-weapon routines,Nangun (Southern Staff/Cudgel),Brazil,ROSE Henrique Radovan,Group C Weapon,Fri Oct 9,10:15,FOP 1,"Program lists Group C Weapon as only 20 entries at 10:15; roster has 91, so confirm with coach"
Group C,Male,15–17 (born 2009–2011),Weapon,Single-weapon routines,Nangun (Southern Staff/Cudgel),United States of America,Leung Tyler,Group C Weapon,Fri Oct 9,10:15,FOP 1,"Program lists Group C Weapon as only 20 entries at 10:15; roster has 91, so confirm with coach"
Group C,Male,15–17 (born 2009–2011),Weapon,Single-weapon routines,Pudao,United States of America,Liu Justin,Group C Weapon,Fri Oct 9,10:15,FOP 1,"Program lists Group C Weapon as only 20 entries at 10:15; roster has 91, so confirm with coach"
Group C,Male,15–17 (born 2009–2011),Weapon,Single-weapon routines,Pudao,United States of America,Liu Shangshang,Group C Weapon,Fri Oct 9,10:15,FOP 1,"Program lists Group C Weapon as only 20 entries at 10:15; roster has 91, so confirm with coach"
Group C,Male,15–17 (born 2009–2011),Addl. Weapon,Single-weapon routines,Pudao,United States of America,Santoso Ivan,Group C Weapon,Fri Oct 9,10:15,FOP 1,"Program lists Group C Weapon as only 20 entries at 10:15; roster has 91, so confirm with coach"
Group C,Male,15–17 (born 2009–2011),Addl. Weapon,Single-weapon routines,Guandao (Kwan Dao),United States of America,Bitner Benjamin,Group C Weapon,Fri Oct 9,10:15,FOP 1,"Program lists Group C Weapon as only 20 entries at 10:15; roster has 91, so confirm with coach"
Group C,Male,15–17 (born 2009–2011),Weapon,Wing Chun Weapon Routines,Luk Dim Boon Gun,United States of America,Roll Eli,Group C Weapon,Fri Oct 9,10:15,FOP 1,"Program lists Group C Weapon as only 20 entries at 10:15; roster has 91, so confirm with coach"
Group D,Female,18–39 (born 1987–2008),Barehand,Nanquan-type events,Choy Lay Fut (Cailifo Quan),Argentina,Villagra Josefina,Group D Barehand,Thu Oct 8,14:15,FOP 2,
Group D,Female,18–39 (born 1987–2008),Barehand,Nanquan-type events,Choy Lay Fut (Cailifo Quan),Brazil,DE GENARO Catarina Pontes,Group D Barehand,Thu Oct 8,14:15,FOP 2,
Group D,Female,18–39 (born 1987–2008),Barehand,Nanquan-type events,Choy Lay Fut (Cailifo Quan),Brazil,LERBACH Brena Costa,Group D Barehand,Thu Oct 8,14:15,FOP 2,
Group D,Female,18–39 (born 1987–2008),Barehand,Nanquan-type events,Choy Lay Fut (Cailifo Quan),Brazil,SOTO Dominique Del Carmen Guerra,Group D Barehand,Thu Oct 8,14:15,FOP 2,
Group D,Female,18–39 (born 1987–2008),Barehand,Nanquan-type events,Choy Lay Fut (Cailifo Quan),Brazil,TANIZAKI Maria Luiza Nascentes,Group D Barehand,Thu Oct 8,14:15,FOP 2,
Group D,Female,18–39 (born 1987–2008),Barehand,Nanquan-type events,Choy Lay Fut (Cailifo Quan),Chile,Allende Bravo Tiare Valentina,Group D Barehand,Thu Oct 8,14:15,FOP 2,
Group D,Female,18–39 (born 1987–2008),Barehand,Nanquan-type events,Choy Lay Fut (Cailifo Quan),Chile,Plaza Noelia Maria,Group D Barehand,Thu Oct 8,14:15,FOP 2,
Group D,Female,18–39 (born 1987–2008),Barehand,Nanquan-type events,Choy Lay Fut (Cailifo Quan),Chile,Tobar Gutiérrez Daniela Scarlett,Group D Barehand,Thu Oct 8,14:15,FOP 2,
Group D,Female,18–39 (born 1987–2008),Barehand,Nanquan-type events,Choy Lay Fut (Cailifo Quan),Chile,Toro Muñoz Cindia,Group D Barehand,Thu Oct 8,14:15,FOP 2,
Group D,Female,18–39 (born 1987–2008),Barehand,Nanquan-type events,Choy Lay Fut (Cailifo Quan),Venezuela,AMARISTA ANYELIMAR,Group D Barehand,Thu Oct 8,14:15,FOP 2,
Group D,Female,18–39 (born 1987–2008),Barehand,Nanquan-type events,Hung Gar (Hongjia Quan),Brazil,PEREIRA Lais Irene,Group D Barehand,Thu Oct 8,14:15,FOP 2,
Group D,Female,18–39 (born 1987–2008),Barehand,Nanquan-type events,Hung Gar (Hongjia Quan),Peru,TALLEDO LUANA ARACELY,Group D Barehand,Thu Oct 8,14:15,FOP 2,
Group D,Female,18–39 (born 1987–2008),Barehand,Nanquan-type events,Otros estilos sureños.,Argentina,Neumann Julia,Group D Barehand,Thu Oct 8,14:15,FOP 2,
Group D,Female,18–39 (born 1987–2008),Barehand,Nanquan-type events,Otros estilos sureños.,Argentina,Randazzo Erika Judith,Group D Barehand,Thu Oct 8,14:15,FOP 2,
Group D,Female,18–39 (born 1987–2008),Barehand,Nanquan-type events,Otros estilos sureños.,Brazil,ALVES Rayanne Bueno da Silva,Group D Barehand,Thu Oct 8,14:15,FOP 2,
Group D,Female,18–39 (born 1987–2008),Barehand,Nanquan-type events,Otros estilos sureños.,Brazil,DE OLIVEIRA Laiana Santos,Group D Barehand,Thu Oct 8,14:15,FOP 2,
Group D,Female,18–39 (born 1987–2008),Barehand,Nanquan-type events,Otros estilos sureños.,Peru,FLORES CAMILA XIMENA,Group D Barehand,Thu Oct 8,14:15,FOP 2,
Group D,Female,18–39 (born 1987–2008),Barehand,Other Northern Style,Bagua Zhang,United States of America,Castilla Ailani,Group D Barehand,Thu Oct 8,14:15,FOP 2,
Group D,Female,18–39 (born 1987–2008),Barehand,Other Northern Style,Cha Quan,Brazil,DA SILVA Talita Pereira,Group D Barehand,Thu Oct 8,14:15,FOP 2,
Group D,Female,18–39 (born 1987–2008),Barehand,Other Northern Style,Cha Quan,Brazil,OLIVEIRA PEDROSA Jéssica Lorena,Group D Barehand,Thu Oct 8,14:15,FOP 2,
Group D,Female,18–39 (born 1987–2008),Barehand,Other Northern Style,Cha Quan,Brazil,Silva dos Santos Brenda,Group D Barehand,Thu Oct 8,14:15,FOP 2,
Group D,Female,18–39 (born 1987–2008),Barehand,Other Northern Style,Cha Quan,United States of America,Tuey Jessica,Group D Barehand,Thu Oct 8,14:15,FOP 2,
Group D,Female,18–39 (born 1987–2008),Barehand,Other Northern Style,other types of traditional styles,Argentina,Aquino Jimena,Group D Barehand,Thu Oct 8,14:15,FOP 2,
Group D,Female,18–39 (born 1987–2008),Barehand,Other Northern Style,other types of traditional styles,Argentina,Yannone Casandra,Group D Barehand,Thu Oct 8,14:15,FOP 2,
Group D,Female,18–39 (born 1987–2008),Barehand,Other Northern Style,other types of traditional styles,Bermuda,Allen-Lamontagne Jashae,Group D Barehand,Thu Oct 8,14:15,FOP 2,
Group D,Female,18–39 (born 1987–2008),Barehand,Other Northern Style,other types of traditional styles,Brazil,GUEDES Liandra Tomaz Braz,Group D Barehand,Thu Oct 8,14:15,FOP 2,
Group D,Female,18–39 (born 1987–2008),Barehand,Other Northern Style,Estilos de imitación,Argentina,Rodriguez Carolina,Group D Barehand,Thu Oct 8,14:15,FOP 2,
Group D,Female,18–39 (born 1987–2008),Barehand,Other Northern Style,Estilos de imitación,United States of America,Wen Winny,Group D Barehand,Thu Oct 8,14:15,FOP 2,
Group D,Female,18–39 (born 1987–2008),Barehand,Shaolinquan Routines,Other Shaolin Barehand,Argentina,Apaza Julieta del Rosario,Group D Barehand,Thu Oct 8,14:15,FOP 2,
Group D,Female,18–39 (born 1987–2008),Barehand,Shaolinquan Routines,Other Shaolin Barehand,Argentina,Torres Mia Ayelen,Group D Barehand,Thu Oct 8,14:15,FOP 2,
Group D,Female,18–39 (born 1987–2008),Barehand,Shaolinquan Routines,Other Shaolin Barehand,Brazil,SETZNAGL Sarah,Group D Barehand,Thu Oct 8,14:15,FOP 2,
Group D,Female,18–39 (born 1987–2008),Barehand,Shaolinquan Routines,Other Shaolin Barehand,Chile,Segura González Laura,Group D Barehand,Thu Oct 8,14:15,FOP 2,
Group D,Female,18–39 (born 1987–2008),Barehand,Shaolinquan Routines,Other Shaolin Barehand,Peru,"CUELA , LORENA PATRICIA",Group D Barehand,Thu Oct 8,14:15,FOP 2,
Group D,Female,18–39 (born 1987–2008),Barehand,Shaolinquan Routines,Other Shaolin Barehand,Peru,FERNANDEZ CRISLEY MILAGROS,Group D Barehand,Thu Oct 8,14:15,FOP 2,
Group D,Female,18–39 (born 1987–2008),Barehand,Shaolinquan Routines,Other Shaolin Barehand,Peru,GOMEZ GERMARYONI NIKOLE,Group D Barehand,Thu Oct 8,14:15,FOP 2,
Group D,Female,18–39 (born 1987–2008),Barehand,Shaolinquan Routines,Shaolin Hongquan,Argentina,Cristaldo Noelia Lujan,Group D Barehand,Thu Oct 8,14:15,FOP 2,
Group D,Female,18–39 (born 1987–2008),Barehand,Shaolinquan Routines,Shaolin Hongquan,Argentina,Juarez Ludmila Macarena,Group D Barehand,Thu Oct 8,14:15,FOP 2,
Group D,Female,18–39 (born 1987–2008),Barehand,Shaolinquan Routines,Shaolin Luohanquan,Argentina,Ganduglia Quiroga Linda de las Nieves,Group D Barehand,Thu Oct 8,14:15,FOP 2,
Group D,Female,18–39 (born 1987–2008),Barehand,Shaolinquan Routines,Shaolin Luohanquan,Argentina,Loginova Mariia,Group D Barehand,Thu Oct 8,14:15,FOP 2,
Group D,Female,18–39 (born 1987–2008),Barehand,Shaolinquan Routines,Shaolin Luohanquan,Argentina,Monsech Prada Melisa Julieta,Group D Barehand,Thu Oct 8,14:15,FOP 2,
Group D,Female,18–39 (born 1987–2008),Barehand,Shaolinquan Routines,Shaolin Luohanquan,Peru,MOLLO DOLLY YADHIRA,Group D Barehand,Thu Oct 8,14:15,FOP 2,
Group D,Female,18–39 (born 1987–2008),Barehand,Shaolinquan Routines,Shaolin Luohanquan,Peru,PALOMINO EUNICE MASSIEL,Group D Barehand,Thu Oct 8,14:15,FOP 2,
Group D,Female,18–39 (born 1987–2008),Barehand,Shaolinquan Routines,Shaolin Luohanquan,Peru,ZAPATA ANNIE ZUMMY,Group D Barehand,Thu Oct 8,14:15,FOP 2,
Group D,Female,18–39 (born 1987–2008),Barehand,Taijiquan Routines,24 Taijiquan,Argentina,Mamani Amanda Carolina,Group D Taijiquan,Thu Oct 8,10:35,FOP 3,
Group D,Female,18–39 (born 1987–2008),Barehand,Taijiquan Routines,24 Taijiquan,Colombia,Urrea Valentina,Group D Taijiquan,Thu Oct 8,10:35,FOP 3,
Group D,Female,18–39 (born 1987–2008),Barehand,Taijiquan Routines,Yang Taijiquan,Brazil,RODRIGUES Sarah Ferreira,Group D Taijiquan,Thu Oct 8,10:35,FOP 3,
Group D,Female,18–39 (born 1987–2008),Barehand,Taijiquan Routines,42 Taijiquan,Argentina,Castillo Cindy Guadalupe,Group D Taijiquan,Thu Oct 8,10:35,FOP 3,
Group D,Female,18–39 (born 1987–2008),Barehand,Taijiquan Routines,42 Taijiquan,Argentina,Giacoy Huilen,Group D Taijiquan,Thu Oct 8,10:35,FOP 3,
Group D,Female,18–39 (born 1987–2008),Barehand,Taijiquan Routines,Chen Taijiquan,Argentina,Bresnal Vera Daniela María,Group D Taijiquan,Thu Oct 8,10:35,FOP 3,
Group D,Female,18–39 (born 1987–2008),Barehand,Taijiquan Routines,Chen Taijiquan,Canada,Kuo Elaine Yen Heng,Group D Taijiquan,Thu Oct 8,10:35,FOP 3,
Group D,Female,18–39 (born 1987–2008),Barehand,Taijiquan Routines,Chen Taijiquan,Canada,Ng Susanna,Group D Taijiquan,Thu Oct 8,10:35,FOP 3,
Group D,Female,18–39 (born 1987–2008),Barehand,Wing Chun,Chum Kiu,Colombia,Jimenez Laura,Group D Barehand,Thu Oct 8,14:15,FOP 2,
Group D,Female,18–39 (born 1987–2008),Barehand,Wing Chun,Siu Nim Tao,Bolivia,ALEMAN AZOGUE ANDREA MARIELA,Group D Barehand,Thu Oct 8,14:15,FOP 2,
Group D,Female,18–39 (born 1987–2008),Weapon,Double-weapon routines,Other double weapon,Brazil,PEREIRA Lais Irene,Group D Weapon,Fri Oct 9,08:00,FOP 2,
Group D,Female,18–39 (born 1987–2008),Addl. Weapon,Double-weapon routines,Other double weapon,Peru,"CUELA , LORENA PATRICIA",Group D Weapon,Fri Oct 9,08:00,FOP 2,
Group D,Female,18–39 (born 1987–2008),Addl. Weapon,Double-weapon routines,Other double weapon,Peru,GOMEZ GERMARYONI NIKOLE,Group D Weapon,Fri Oct 9,08:00,FOP 2,
Group D,Female,18–39 (born 1987–2008),Addl. Weapon,Double-weapon routines,Other double weapon,Peru,MOLLO DOLLY YADHIRA,Group D Weapon,Fri Oct 9,08:00,FOP 2,
Group D,Female,18–39 (born 1987–2008),Addl. Weapon,Double-weapon routines,Other double weapon,Peru,SANTA CRUZ FRANCIS TATIANA,Group D Weapon,Fri Oct 9,08:00,FOP 2,
Group D,Female,18–39 (born 1987–2008),Weapon,Double-weapon routines,Shuangbishou (Doublé Daggers),Chile,Tobar Gutiérrez Daniela Scarlett,Group D Weapon,Fri Oct 9,08:00,FOP 2,
Group D,Female,18–39 (born 1987–2008),Weapon,Double-weapon routines,Shuangdao (Double Broadsword),Argentina,Rodriguez Carolina,Group D Weapon,Fri Oct 9,08:00,FOP 2,
Group D,Female,18–39 (born 1987–2008),Addl. Weapon,Double-weapon routines,Shuangdao (Double Broadsword),Peru,FERNANDEZ CRISLEY MILAGROS,Group D Weapon,Fri Oct 9,08:00,FOP 2,
Group D,Female,18–39 (born 1987–2008),Weapon,Double-weapon routines,Shuangjian (Double Straight Sword/ Double Long Tassel Straight Sword),Brazil,Silva dos Santos Brenda,Group D Weapon,Fri Oct 9,08:00,FOP 2,
Group D,Female,18–39 (born 1987–2008),Weapon,Double-weapon routines,Shuangjian (Double Straight Sword/ Double Long Tassel Straight Sword),Canada,Ng Susanna,Group D Weapon,Fri Oct 9,08:00,FOP 2,
Group D,Female,18–39 (born 1987–2008),Weapon,Double-weapon routines,Shuangjian (Double Straight Sword/ Double Long Tassel Straight Sword),United States of America,Castilla Ailani,Group D Weapon,Fri Oct 9,08:00,FOP 2,
Group D,Female,18–39 (born 1987–2008),Weapon,Flexible Soft-weapon routines,Jiujiebian (Nine Section Whip Chain),Peru,"CUELA , LORENA PATRICIA",Group D Weapon,Fri Oct 9,08:00,FOP 2,
Group D,Female,18–39 (born 1987–2008),Weapon,Flexible Soft-weapon routines,Jiujiebian (Nine Section Whip Chain),Peru,GOMEZ GERMARYONI NIKOLE,Group D Weapon,Fri Oct 9,08:00,FOP 2,
Group D,Female,18–39 (born 1987–2008),Weapon,Flexible Soft-weapon routines,Jiujiebian (Nine Section Whip Chain),Peru,MOLLO DOLLY YADHIRA,Group D Weapon,Fri Oct 9,08:00,FOP 2,
Group D,Female,18–39 (born 1987–2008),Addl. Weapon,Flexible Soft-weapon routines,Other Traditional Flexible/soft-weapon Routines,Chile,Plaza Noelia Maria,Group D Weapon,Fri Oct 9,08:00,FOP 2,
Group D,Female,18–39 (born 1987–2008),Weapon,Flexible Soft-weapon routines,Other Traditional Flexible/soft-weapon Routines,Peru,SANTA CRUZ FRANCIS TATIANA,Group D Weapon,Fri Oct 9,08:00,FOP 2,
Group D,Female,18–39 (born 1987–2008),Weapon,Shaolin Weapon Routines,Other Shaolin Short Weapons,Brazil,GUERRA Anna Claudia Mendes,Group D Weapon,Fri Oct 9,08:00,FOP 2,
Group D,Female,18–39 (born 1987–2008),Weapon,Shaolin Weapon Routines,Shaolin Dao,Argentina,Torres Mia Ayelen,Group D Weapon,Fri Oct 9,08:00,FOP 2,
Group D,Female,18–39 (born 1987–2008),Weapon,Shaolin Weapon Routines,Shaolin Dao,Chile,Segura González Laura,Group D Weapon,Fri Oct 9,08:00,FOP 2,
Group D,Female,18–39 (born 1987–2008),Weapon,Shaolin Weapon Routines,Shaolin Dao,Peru,FERNANDEZ CRISLEY MILAGROS,Group D Weapon,Fri Oct 9,08:00,FOP 2,
Group D,Female,18–39 (born 1987–2008),Weapon,Shaolin Weapon Routines,Shaolin Dao,Peru,PALOMINO EUNICE MASSIEL,Group D Weapon,Fri Oct 9,08:00,FOP 2,
Group D,Female,18–39 (born 1987–2008),Weapon,Shaolin Weapon Routines,Shaolin Jian,Argentina,Juarez Ludmila Macarena,Group D Weapon,Fri Oct 9,08:00,FOP 2,
Group D,Female,18–39 (born 1987–2008),Weapon,Shaolin Weapon Routines,Shaolin Jian,Argentina,Loginova Mariia,Group D Weapon,Fri Oct 9,08:00,FOP 2,
Group D,Female,18–39 (born 1987–2008),Weapon,Shaolin Weapon Routines,Shaolin Jian,Brazil,SETZNAGL Sarah,Group D Weapon,Fri Oct 9,08:00,FOP 2,
Group D,Female,18–39 (born 1987–2008),Weapon,Shaolin Weapon Routines,Shaolin Jian,Peru,ZAPATA ANNIE ZUMMY,Group D Weapon,Fri Oct 9,08:00,FOP 2,
Group D,Female,18–39 (born 1987–2008),Weapon,Shaolin Weapon Routines,Shaolin Spear,Argentina,Monsech Prada Melisa Julieta,Group D Weapon,Fri Oct 9,08:00,FOP 2,
Group D,Female,18–39 (born 1987–2008),Weapon,Shaolin Weapon Routines,Shaolin Staff,Argentina,Apaza Julieta del Rosario,Group D Weapon,Fri Oct 9,08:00,FOP 2,
Group D,Female,18–39 (born 1987–2008),Weapon,Shaolin Weapon Routines,Shaolin Staff,Argentina,Cristaldo Noelia Lujan,Group D Weapon,Fri Oct 9,08:00,FOP 2,
Group D,Female,18–39 (born 1987–2008),Weapon,Shaolin Weapon Routines,Shaolin Staff,Argentina,Ganduglia Quiroga Linda de las Nieves,Group D Weapon,Fri Oct 9,08:00,FOP 2,
Group D,Female,18–39 (born 1987–2008),Weapon,Single-weapon routines,42-posture Taijijian,Argentina,Castillo Cindy Guadalupe,Group D Taiji Weapon,Fri Oct 9,11:15,FOP 1,
Group D,Female,18–39 (born 1987–2008),Weapon,Single-weapon routines,42-posture Taijijian,Argentina,Giacoy Huilen,Group D Taiji Weapon,Fri Oct 9,11:15,FOP 1,
Group D,Female,18–39 (born 1987–2008),Weapon,Single-weapon routines,Dao (Broadsword),Brazil,DE GENARO Catarina Pontes,Group D Weapon,Fri Oct 9,08:00,FOP 2,
Group D,Female,18–39 (born 1987–2008),Weapon,Single-weapon routines,Dao (Broadsword),Brazil,TANIZAKI Maria Luiza Nascentes,Group D Weapon,Fri Oct 9,08:00,FOP 2,
Group D,Female,18–39 (born 1987–2008),Weapon,Single-weapon routines,Dao (Broadsword),Chile,Plaza Noelia Maria,Group D Weapon,Fri Oct 9,08:00,FOP 2,
Group D,Female,18–39 (born 1987–2008),Weapon,Single-weapon routines,Dao (Broadsword),Chile,Toro Muñoz Cindia,Group D Weapon,Fri Oct 9,08:00,FOP 2,
Group D,Female,18–39 (born 1987–2008),Weapon,Single-weapon routines,Dao (Broadsword),Colombia,Jimenez Laura,Group D Weapon,Fri Oct 9,08:00,FOP 2,
Group D,Female,18–39 (born 1987–2008),Weapon,Single-weapon routines,Dao (Broadsword),United States of America,Tuey Jessica,Group D Weapon,Fri Oct 9,08:00,FOP 2,
Group D,Female,18–39 (born 1987–2008),Addl. Weapon,Single-weapon routines,Dao (Broadsword),Bermuda,Allen-Lamontagne Jashae,Group D Weapon,Fri Oct 9,08:00,FOP 2,
Group D,Female,18–39 (born 1987–2008),Weapon,Single-weapon routines,Gun (Cudgel/Staff),Brazil,GUEDES Liandra Tomaz Braz,Group D Weapon,Fri Oct 9,08:00,FOP 2,
Group D,Female,18–39 (born 1987–2008),Weapon,Single-weapon routines,Qiang (Spear),Argentina,Aquino Jimena,Group D Weapon,Fri Oct 9,08:00,FOP 2,
Group D,Female,18–39 (born 1987–2008),Weapon,Single-weapon routines,Qiang (Spear),Bermuda,Allen-Lamontagne Jashae,Group D Weapon,Fri Oct 9,08:00,FOP 2,
Group D,Female,18–39 (born 1987–2008),Weapon,Single-weapon routines,Jian (Straight Sword),Argentina,Yannone Casandra,Group D Weapon,Fri Oct 9,08:00,FOP 2,
Group D,Female,18–39 (born 1987–2008),Weapon,Single-weapon routines,Jian (Straight Sword),Brazil,ALVES Rayanne Bueno da Silva,Group D Weapon,Fri Oct 9,08:00,FOP 2,
Group D,Female,18–39 (born 1987–2008),Weapon,Single-weapon routines,Jian (Straight Sword),Brazil,DA SILVA Talita Pereira,Group D Weapon,Fri Oct 9,08:00,FOP 2,
Group D,Female,18–39 (born 1987–2008),Weapon,Single-weapon routines,Jian (Straight Sword),Brazil,DE OLIVEIRA Laiana Santos,Group D Weapon,Fri Oct 9,08:00,FOP 2,
Group D,Female,18–39 (born 1987–2008),Weapon,Single-weapon routines,Nandao (Southern Broadsword),Argentina,Villagra Josefina,Group D Weapon,Fri Oct 9,08:00,FOP 2,
Group D,Female,18–39 (born 1987–2008),Weapon,Single-weapon routines,Nangun (Southern Staff/Cudgel),Argentina,Neumann Julia,Group D Weapon,Fri Oct 9,08:00,FOP 2,
Group D,Female,18–39 (born 1987–2008),Weapon,Single-weapon routines,Nangun (Southern Staff/Cudgel),Argentina,Randazzo Erika Judith,Group D Weapon,Fri Oct 9,08:00,FOP 2,
Group D,Female,18–39 (born 1987–2008),Weapon,Single-weapon routines,Nangun (Southern Staff/Cudgel),Peru,FLORES CAMILA XIMENA,Group D Weapon,Fri Oct 9,08:00,FOP 2,
Group D,Female,18–39 (born 1987–2008),Weapon,Single-weapon routines,Nangun (Southern Staff/Cudgel),Peru,TALLEDO LUANA ARACELY,Group D Weapon,Fri Oct 9,08:00,FOP 2,
Group D,Female,18–39 (born 1987–2008),Weapon,Single-weapon routines,Shanzi (Fan),Brazil,LERBACH Brena Costa,Group D Weapon,Fri Oct 9,08:00,FOP 2,
Group D,Female,18–39 (born 1987–2008),Weapon,Single-weapon routines,Shanzi (Fan),Brazil,SOTO Dominique Del Carmen Guerra,Group D Weapon,Fri Oct 9,08:00,FOP 2,
Group D,Female,18–39 (born 1987–2008),Weapon,Single-weapon routines,Shanzi (Fan),Chile,Allende Bravo Tiare Valentina,Group D Weapon,Fri Oct 9,08:00,FOP 2,
Group D,Female,18–39 (born 1987–2008),Weapon,Single-weapon routines,Shanzi (Fan),United States of America,Wen Winny,Group D Weapon,Fri Oct 9,08:00,FOP 2,
Group D,Female,18–39 (born 1987–2008),Weapon,Single-weapon routines,Taijijian,Argentina,Bresnal Vera Daniela María,Group D Taiji Weapon,Fri Oct 9,11:15,FOP 1,
Group D,Female,18–39 (born 1987–2008),Weapon,Single-weapon routines,Taijijian,Argentina,Mamani Amanda Carolina,Group D Taiji Weapon,Fri Oct 9,11:15,FOP 1,
Group D,Female,18–39 (born 1987–2008),Weapon,Single-weapon routines,Taijijian,Brazil,RODRIGUES Sarah Ferreira,Group D Taiji Weapon,Fri Oct 9,11:15,FOP 1,
Group D,Female,18–39 (born 1987–2008),Weapon,Single-weapon routines,Taijijian,Canada,Kuo Elaine Yen Heng,Group D Taiji Weapon,Fri Oct 9,11:15,FOP 1,
Group D,Female,18–39 (born 1987–2008),Weapon,Single-weapon routines,Taijijian,Colombia,Urrea Valentina,Group D Taiji Weapon,Fri Oct 9,11:15,FOP 1,
Group D,Male,18–39 (born 1987–2008),Barehand,Nanquan-type events,Choy Lay Fut (Cailifo Quan),Brazil,CAPELAZZO Anthony da Silva,Group D Barehand,Thu Oct 8,14:15,FOP 2,
Group D,Male,18–39 (born 1987–2008),Barehand,Nanquan-type events,Choy Lay Fut (Cailifo Quan),Brazil,DANTAS Rodrigo de Lima,Group D Barehand,Thu Oct 8,14:15,FOP 2,
Group D,Male,18–39 (born 1987–2008),Barehand,Nanquan-type events,Choy Lay Fut (Cailifo Quan),Brazil,RABELO Arthur Henrique Borges,Group D Barehand,Thu Oct 8,14:15,FOP 2,
Group D,Male,18–39 (born 1987–2008),Barehand,Nanquan-type events,Choy Lay Fut (Cailifo Quan),Brazil,SILVA NETO Warner Lopes da,Group D Barehand,Thu Oct 8,14:15,FOP 2,
Group D,Male,18–39 (born 1987–2008),Barehand,Nanquan-type events,Choy Lay Fut (Cailifo Quan),Chile,León Prado Ricardo Alexis,Group D Barehand,Thu Oct 8,14:15,FOP 2,
Group D,Male,18–39 (born 1987–2008),Barehand,Nanquan-type events,Choy Lay Fut (Cailifo Quan),Colombia,Rivera Andres,Group D Barehand,Thu Oct 8,14:15,FOP 2,
Group D,Male,18–39 (born 1987–2008),Barehand,Nanquan-type events,Choy Lay Fut (Cailifo Quan),United States of America,Wong Keen-yan,Group D Barehand,Thu Oct 8,14:15,FOP 2,
Group D,Male,18–39 (born 1987–2008),Barehand,Nanquan-type events,Hung Gar (Hongjia Quan),Argentina,Bermudez Máximo,Group D Barehand,Thu Oct 8,14:15,FOP 2,
Group D,Male,18–39 (born 1987–2008),Barehand,Nanquan-type events,Hung Gar (Hongjia Quan),Argentina,Jarque Fernando,Group D Barehand,Thu Oct 8,14:15,FOP 2,
Group D,Male,18–39 (born 1987–2008),Barehand,Nanquan-type events,Hung Gar (Hongjia Quan),Brazil,DA COSTA Pedro Polla,Group D Barehand,Thu Oct 8,14:15,FOP 2,
Group D,Male,18–39 (born 1987–2008),Barehand,Nanquan-type events,Hung Gar (Hongjia Quan),Brazil,DOS SANTOS Victor Hugo Oliveira,Group D Barehand,Thu Oct 8,14:15,FOP 2,
Group D,Male,18–39 (born 1987–2008),Barehand,Nanquan-type events,Hung Gar (Hongjia Quan),Peru,CAYCHO HANS MANUEL,Group D Barehand,Thu Oct 8,14:15,FOP 2,
Group D,Male,18–39 (born 1987–2008),Barehand,Nanquan-type events,Hung Gar (Hongjia Quan),Peru,TICONA JAIRO ISAIAS,Group D Barehand,Thu Oct 8,14:15,FOP 2,
Group D,Male,18–39 (born 1987–2008),Barehand,Nanquan-type events,Otros estilos sureños.,Argentina,Arrua Matias Emanuel,Group D Barehand,Thu Oct 8,14:15,FOP 2,
Group D,Male,18–39 (born 1987–2008),Barehand,Nanquan-type events,Otros estilos sureños.,Argentina,Perez Esteban,Group D Barehand,Thu Oct 8,14:15,FOP 2,
Group D,Male,18–39 (born 1987–2008),Barehand,Nanquan-type events,Otros estilos sureños.,Argentina,Sagretti Ian Luca,Group D Barehand,Thu Oct 8,14:15,FOP 2,
Group D,Male,18–39 (born 1987–2008),Barehand,Nanquan-type events,Otros estilos sureños.,Brazil,LEMES Pedro Corrêa,Group D Barehand,Thu Oct 8,14:15,FOP 2,
Group D,Male,18–39 (born 1987–2008),Barehand,Nanquan-type events,Otros estilos sureños.,Brazil,MAYOR Enzo Nogueira,Group D Barehand,Thu Oct 8,14:15,FOP 2,
Group D,Male,18–39 (born 1987–2008),Barehand,Nanquan-type events,Otros estilos sureños.,Brazil,SILVA Breno Gonçalves,Group D Barehand,Thu Oct 8,14:15,FOP 2,
Group D,Male,18–39 (born 1987–2008),Barehand,Nanquan-type events,Otros estilos sureños.,Brazil,da Silva SANTOS Alisson Roberto Bonifácio,Group D Barehand,Thu Oct 8,14:15,FOP 2,
Group D,Male,18–39 (born 1987–2008),Barehand,Other Northern Style,Bagua Zhang,United States of America,DeOliveira Alexander,Group D Barehand,Thu Oct 8,14:15,FOP 2,
Group D,Male,18–39 (born 1987–2008),Barehand,Other Northern Style,Baji Quan,Chile,Fuenzalida Guzmán Gabriel,Group D Barehand,Thu Oct 8,14:15,FOP 2,
Group D,Male,18–39 (born 1987–2008),Barehand,Other Northern Style,Baji Quan,United States of America,Goldman Justin Nathaniel,Group D Barehand,Thu Oct 8,14:15,FOP 2,
Group D,Male,18–39 (born 1987–2008),Barehand,Other Northern Style,Baji Quan,United States of America,Ullah Mohammad,Group D Barehand,Thu Oct 8,14:15,FOP 2,
Group D,Male,18–39 (born 1987–2008),Barehand,Other Northern Style,Cha Quan,United States of America,Chen Shaun,Group D Barehand,Thu Oct 8,14:15,FOP 2,
Group D,Male,18–39 (born 1987–2008),Barehand,Other Northern Style,Cha Quan,United States of America,Young James,Group D Barehand,Thu Oct 8,14:15,FOP 2,
Group D,Male,18–39 (born 1987–2008),Barehand,Other Northern Style,Ditang Quan,Argentina,Rodriguez Nuñez Gonzalo Gabriel,Group D Barehand,Thu Oct 8,14:15,FOP 2,
Group D,Male,18–39 (born 1987–2008),Barehand,Other Northern Style,Tongbei Quan,Mexico,AGUILAR Levietian,Group D Barehand,Thu Oct 8,14:15,FOP 2,
Group D,Male,18–39 (born 1987–2008),Barehand,Other Northern Style,Hua Quan,Argentina,Canteros Maximiliano,Group D Barehand,Thu Oct 8,14:15,FOP 2,
Group D,Male,18–39 (born 1987–2008),Barehand,Other Northern Style,Estilos de imitación,Argentina,Moyano Ezequiel Agustin,Group D Barehand,Thu Oct 8,14:15,FOP 2,
Group D,Male,18–39 (born 1987–2008),Barehand,Other Northern Style,Estilos de imitación,Argentina,Moyano Hugo Maximiliano,Group D Barehand,Thu Oct 8,14:15,FOP 2,
Group D,Male,18–39 (born 1987–2008),Barehand,Other Northern Style,Estilos de imitación,Mexico,BARRAZA Samuel,Group D Barehand,Thu Oct 8,14:15,FOP 2,
Group D,Male,18–39 (born 1987–2008),Barehand,Other Northern Style,Estilos de imitación,Mexico,RUZ Pablo,Group D Barehand,Thu Oct 8,14:15,FOP 2,
Group D,Male,18–39 (born 1987–2008),Barehand,Other Northern Style,Estilos de imitación,United States of America,Justel Betancourt Alexander,Group D Barehand,Thu Oct 8,14:15,FOP 2,
Group D,Male,18–39 (born 1987–2008),Barehand,Other Northern Style,Estilos de imitación,United States of America,Ryder Leah (Daniel),Group D Barehand,Thu Oct 8,14:15,FOP 2,
Group D,Male,18–39 (born 1987–2008),Barehand,Other Northern Style,other types of traditional styles,Argentina,Campo Nahir Alexander,Group D Barehand,Thu Oct 8,14:15,FOP 2,
Group D,Male,18–39 (born 1987–2008),Barehand,Other Northern Style,other types of traditional styles,Argentina,Parra Elian,Group D Barehand,Thu Oct 8,14:15,FOP 2,
Group D,Male,18–39 (born 1987–2008),Barehand,Other Northern Style,other types of traditional styles,Argentina,Velazquez Joaquin,Group D Barehand,Thu Oct 8,14:15,FOP 2,
Group D,Male,18–39 (born 1987–2008),Barehand,Other Northern Style,other types of traditional styles,Brazil,CUNHA Victor Luis Nogueira,Group D Barehand,Thu Oct 8,14:15,FOP 2,
Group D,Male,18–39 (born 1987–2008),Barehand,Other Northern Style,other types of traditional styles,United States of America,Keys Aaron,Group D Barehand,Thu Oct 8,14:15,FOP 2,
Group D,Male,18–39 (born 1987–2008),Barehand,Other Northern Style,other types of traditional styles,United States of America,Scimonelli Roberto,Group D Barehand,Thu Oct 8,14:15,FOP 2,
Group D,Male,18–39 (born 1987–2008),Barehand,Shaolinquan Routines,Other Shaolin Barehand,Argentina,Costa Fabian,Group D Barehand,Thu Oct 8,14:15,FOP 2,
Group D,Male,18–39 (born 1987–2008),Barehand,Shaolinquan Routines,Other Shaolin Barehand,Argentina,Fernandez Ramiro,Group D Barehand,Thu Oct 8,14:15,FOP 2,
Group D,Male,18–39 (born 1987–2008),Barehand,Shaolinquan Routines,Other Shaolin Barehand,Argentina,Nuñez Brian Nahuel,Group D Barehand,Thu Oct 8,14:15,FOP 2,
Group D,Male,18–39 (born 1987–2008),Barehand,Shaolinquan Routines,Other Shaolin Barehand,Argentina,Scusceria Ariel,Group D Barehand,Thu Oct 8,14:15,FOP 2,
Group D,Male,18–39 (born 1987–2008),Barehand,Shaolinquan Routines,Other Shaolin Barehand,Bolivia,ALANOCA CHAMBI JOSE MANUEL,Group D Barehand,Thu Oct 8,14:15,FOP 2,
Group D,Male,18–39 (born 1987–2008),Barehand,Shaolinquan Routines,Other Shaolin Barehand,Bolivia,FLORES MAMANI JHOAN BRANDON,Group D Barehand,Thu Oct 8,14:15,FOP 2,
Group D,Male,18–39 (born 1987–2008),Barehand,Shaolinquan Routines,Other Shaolin Barehand,Brazil,DOS SANTOS Igor Valente,Group D Barehand,Thu Oct 8,14:15,FOP 2,
Group D,Male,18–39 (born 1987–2008),Barehand,Shaolinquan Routines,Other Shaolin Barehand,Brazil,MONARETTO Marcelo de Oliveira,Group D Barehand,Thu Oct 8,14:15,FOP 2,
Group D,Male,18–39 (born 1987–2008),Barehand,Shaolinquan Routines,Other Shaolin Barehand,Chile,Yaupe Sepulveda Santiago Sebastián,Group D Barehand,Thu Oct 8,14:15,FOP 2,
Group D,Male,18–39 (born 1987–2008),Barehand,Shaolinquan Routines,Other Shaolin Barehand,Peru,CARRERA GERMAN RENATO,Group D Barehand,Thu Oct 8,14:15,FOP 2,
Group D,Male,18–39 (born 1987–2008),Barehand,Shaolinquan Routines,Other Shaolin Barehand,Peru,FERNANDEZ MIJAIL ERNESTO,Group D Barehand,Thu Oct 8,14:15,FOP 2,
Group D,Male,18–39 (born 1987–2008),Barehand,Shaolinquan Routines,Other Shaolin Barehand,Peru,LLERENA JORGE GABRIEL,Group D Barehand,Thu Oct 8,14:15,FOP 2,
Group D,Male,18–39 (born 1987–2008),Barehand,Shaolinquan Routines,Other Shaolin Barehand,Peru,SALAS JAIRO EMMANUEL,Group D Barehand,Thu Oct 8,14:15,FOP 2,
Group D,Male,18–39 (born 1987–2008),Barehand,Shaolinquan Routines,Other Shaolin Barehand,Peru,SANTA CRUZ JOHAN EDU,Group D Barehand,Thu Oct 8,14:15,FOP 2,
Group D,Male,18–39 (born 1987–2008),Barehand,Shaolinquan Routines,Other Shaolin Barehand,United States of America,DiMeglio Charlene (CJ),Group D Barehand,Thu Oct 8,14:15,FOP 2,
Group D,Male,18–39 (born 1987–2008),Barehand,Shaolinquan Routines,Other Shaolin Barehand,United States of America,Lee Ethan,Group D Barehand,Thu Oct 8,14:15,FOP 2,
Group D,Male,18–39 (born 1987–2008),Barehand,Shaolinquan Routines,Other Shaolin Barehand,Uruguay,MAGNANI BASTIAAN,Group D Barehand,Thu Oct 8,14:15,FOP 2,
Group D,Male,18–39 (born 1987–2008),Barehand,Shaolinquan Routines,Other Shaolin Barehand,Uruguay,ROGNENE EMILIANO,Group D Barehand,Thu Oct 8,14:15,FOP 2,
Group D,Male,18–39 (born 1987–2008),Barehand,Shaolinquan Routines,Shaolin Hongquan,Argentina,Bazan Agustin,Group D Barehand,Thu Oct 8,14:15,FOP 2,
Group D,Male,18–39 (born 1987–2008),Barehand,Shaolinquan Routines,Shaolin Hongquan,Argentina,Roman Mena Saulo Brus,Group D Barehand,Thu Oct 8,14:15,FOP 2,
Group D,Male,18–39 (born 1987–2008),Barehand,Shaolinquan Routines,Shaolin Hongquan,Argentina,Silva Sebastian,Group D Barehand,Thu Oct 8,14:15,FOP 2,
Group D,Male,18–39 (born 1987–2008),Barehand,Shaolinquan Routines,Shaolin Hongquan,Argentina,Villar Nehuen Ale,Group D Barehand,Thu Oct 8,14:15,FOP 2,
Group D,Male,18–39 (born 1987–2008),Barehand,Shaolinquan Routines,Shaolin Hongquan,United States of America,Chen Lyman,Group D Barehand,Thu Oct 8,14:15,FOP 2,
Group D,Male,18–39 (born 1987–2008),Barehand,Shaolinquan Routines,Shaolin Luohanquan,Argentina,Antinao Gastón Manuel,Group D Barehand,Thu Oct 8,14:15,FOP 2,
Group D,Male,18–39 (born 1987–2008),Barehand,Shaolinquan Routines,Shaolin Luohanquan,Argentina,Churquina Velazquez Alexis Ivan,Group D Barehand,Thu Oct 8,14:15,FOP 2,
Group D,Male,18–39 (born 1987–2008),Barehand,Shaolinquan Routines,Shaolin Luohanquan,Argentina,Fernandez Gaspar,Group D Barehand,Thu Oct 8,14:15,FOP 2,
Group D,Male,18–39 (born 1987–2008),Barehand,Shaolinquan Routines,Shaolin Luohanquan,Argentina,Ruiz Diaz Erik Steven,Group D Barehand,Thu Oct 8,14:15,FOP 2,
Group D,Male,18–39 (born 1987–2008),Barehand,Shaolinquan Routines,Shaolin Luohanquan,Bolivia,FLORES TAPIA SIO LONG KALEB,Group D Barehand,Thu Oct 8,14:15,FOP 2,
Group D,Male,18–39 (born 1987–2008),Barehand,Shaolinquan Routines,Shaolin Luohanquan,Peru,CACHICATARI ANGELO,Group D Barehand,Thu Oct 8,14:15,FOP 2,
Group D,Male,18–39 (born 1987–2008),Barehand,Shaolinquan Routines,Shaolin Luohanquan,Peru,CAMPOS ANDERSON JOEL,Group D Barehand,Thu Oct 8,14:15,FOP 2,
Group D,Male,18–39 (born 1987–2008),Barehand,Shaolinquan Routines,Shaolin Luohanquan,Peru,VAZQUEZ JAN FRANCO,Group D Barehand,Thu Oct 8,14:15,FOP 2,
Group D,Male,18–39 (born 1987–2008),Barehand,Taijiquan Routines,42 Taijiquan,Argentina,Diaz Matias Santiago,Group D Taijiquan,Thu Oct 8,10:35,FOP 3,
Group D,Male,18–39 (born 1987–2008),Barehand,Taijiquan Routines,Chen Taijiquan,Argentina,Funes Marcio Jose,Group D Taijiquan,Thu Oct 8,10:35,FOP 3,
Group D,Male,18–39 (born 1987–2008),Barehand,Taijiquan Routines,Chen Taijiquan,Canada,Zhang Hongyu,Group D Taijiquan,Thu Oct 8,10:35,FOP 3,
Group D,Male,18–39 (born 1987–2008),Barehand,Wing Chun,Biu Ji,Colombia,Prieto Leonardo,Group D Barehand,Thu Oct 8,14:15,FOP 2,
Group D,Male,18–39 (born 1987–2008),Barehand,Wing Chun,Chum Kiu,Argentina,Chaihort Elias,Group D Barehand,Thu Oct 8,14:15,FOP 2,
Group D,Male,18–39 (born 1987–2008),Barehand,Wing Chun,Chum Kiu,Colombia,Molano William,Group D Barehand,Thu Oct 8,14:15,FOP 2,
Group D,Male,18–39 (born 1987–2008),Barehand,Wing Chun,Chum Kiu,Colombia,Zambrano Saman,Group D Barehand,Thu Oct 8,14:15,FOP 2,
Group D,Male,18–39 (born 1987–2008),Barehand,Wing Chun,Chum Kiu,United States of America,Rogers Dylan,Group D Barehand,Thu Oct 8,14:15,FOP 2,
Group D,Male,18–39 (born 1987–2008),Barehand,Wing Chun,Siu Nim Tao,Bolivia,INCHAUSTI TORRES RICARDO BRUNO,Group D Barehand,Thu Oct 8,14:15,FOP 2,
Group D,Male,18–39 (born 1987–2008),Barehand,Wing Chun,Siu Nim Tao,Colombia,Ortega Angelo,Group D Barehand,Thu Oct 8,14:15,FOP 2,
Group D,Male,18–39 (born 1987–2008),Barehand,Wing Chun,Siu Nim Tao,Colombia,Rojas Nicolas,Group D Barehand,Thu Oct 8,14:15,FOP 2,
Group D,Male,18–39 (born 1987–2008),Weapon,Double-weapon routines,Other double weapon,Colombia,Prieto Leonardo,Group D Weapon,Fri Oct 9,08:00,FOP 2,
Group D,Male,18–39 (born 1987–2008),Weapon,Double-weapon routines,Other double weapon,Peru,LLERENA JORGE GABRIEL,Group D Weapon,Fri Oct 9,08:00,FOP 2,
Group D,Male,18–39 (born 1987–2008),Addl. Weapon,Double-weapon routines,Other double weapon,Peru,CAMPOS ANDERSON JOEL,Group D Weapon,Fri Oct 9,08:00,FOP 2,
Group D,Male,18–39 (born 1987–2008),Addl. Weapon,Double-weapon routines,Other double weapon,Peru,CARRERA GERMAN RENATO,Group D Weapon,Fri Oct 9,08:00,FOP 2,
Group D,Male,18–39 (born 1987–2008),Weapon,Double-weapon routines,Shuangbishou (Doublé Daggers),Argentina,Canteros Maximiliano,Group D Weapon,Fri Oct 9,08:00,FOP 2,
Group D,Male,18–39 (born 1987–2008),Weapon,Double-weapon routines,Shuangbishou (Doublé Daggers),Brazil,DOS SANTOS Igor Valente,Group D Weapon,Fri Oct 9,08:00,FOP 2,
Group D,Male,18–39 (born 1987–2008),Weapon,Double-weapon routines,Shuangbishou (Doublé Daggers),Chile,León Prado Ricardo Alexis,Group D Weapon,Fri Oct 9,08:00,FOP 2,
