group,gender,type,category,style,country,athlete,ev_day,ev_fop,ev_start,ev_end,ev_name,ev_note
Group A,Female,Barehand,Nanquan-type events,Otros estilos sureños.,Argentina,Depaoli Valentina Antonella,Thu Oct 8,FOP 1,16:59,17:08,Grupo A Femenino Barehand Otros estilos sureños,
Group A,Female,Barehand,Nanquan-type events,Otros estilos sureños.,United States of America,Harris Mai-Linh,Thu Oct 8,FOP 1,16:59,17:08,Grupo A Femenino Barehand Otros estilos sureños,
Group A,Female,Barehand,Nanquan-type events,Otros estilos sureños.,United States of America,Lin Melody,Thu Oct 8,FOP 1,16:59,17:08,Grupo A Femenino Barehand Otros estilos sureños,
Group A,Female,Barehand,Nanquan-type events,Otros estilos sureños.,United States of America,Ngo Ryan,Thu Oct 8,FOP 1,16:59,17:08,Grupo A Femenino Barehand Otros estilos sureños,
Group A,Female,Barehand,Nanquan-type events,Otros estilos sureños.,United States of America,Tan Genevieve,Thu Oct 8,FOP 1,16:59,17:08,Grupo A Femenino Barehand Otros estilos sureños,
Group A,Female,Barehand,Other Northern Style,Ditang Quan,United States of America,Drzymalski Ellison,Thu Oct 8,FOP 1,16:36,16:41,Grupo A Femenino Barehand Other Northern Style,
Group A,Female,Barehand,Other Northern Style,Estilos de imitación,United States of America,Chang Chloe,Thu Oct 8,FOP 1,16:36,16:41,Grupo A Femenino Barehand Other Northern Style,
Group A,Female,Barehand,Other Northern Style,Estilos de imitación,United States of America,Chock Ace,Thu Oct 8,FOP 1,16:36,16:41,Grupo A Femenino Barehand Other Northern Style,
Group A,Female,Barehand,Other Northern Style,other types of traditional styles,Argentina,Cañizares Zoe Valentina,Thu Oct 8,FOP 1,16:36,16:41,Grupo A Femenino Barehand Other Northern Style,
Group A,Female,Barehand,Shaolinquan Routines,Other Shaolin Barehand,Argentina,Ramos Mia Milagros,Thu Oct 8,FOP 1,16:41,16:58,Grupo A Femenino Barehand Other Shaolin,
Group A,Female,Barehand,Shaolinquan Routines,Other Shaolin Barehand,Argentina,Rodriguez Jurado Olivia Daira,Thu Oct 8,FOP 1,16:41,16:58,Grupo A Femenino Barehand Other Shaolin,
Group A,Female,Barehand,Shaolinquan Routines,Other Shaolin Barehand,Bolivia,HUANACUNI PINEDO PAKARI NAYRA,Thu Oct 8,FOP 1,16:41,16:58,Grupo A Femenino Barehand Other Shaolin,
Group A,Female,Barehand,Shaolinquan Routines,Other Shaolin Barehand,Bolivia,LOAYZA ENCINAS SUMAYA SATSUKI,Thu Oct 8,FOP 1,16:41,16:58,Grupo A Femenino Barehand Other Shaolin,
Group A,Female,Barehand,Shaolinquan Routines,Other Shaolin Barehand,United States of America,Tesch Yelena,Thu Oct 8,FOP 1,16:41,16:58,Grupo A Femenino Barehand Other Shaolin,
Group A,Female,Barehand,Shaolinquan Routines,Other Shaolin Barehand,United States of America,Wang Xiaoyou,Thu Oct 8,FOP 1,16:41,16:58,Grupo A Femenino Barehand Other Shaolin,
Group A,Female,Barehand,Shaolinquan Routines,Shaolin Luohanquan,Argentina,Florencio Valentina,Thu Oct 8,FOP 1,16:41,16:58,Grupo A Femenino Barehand Other Shaolin,
Group A,Female,Barehand,Shaolinquan Routines,Shaolin Luohanquan,Argentina,Gonzalez Zambelli Tania Libertad,Thu Oct 8,FOP 1,16:41,16:58,Grupo A Femenino Barehand Other Shaolin,
Group A,Female,Barehand,Shaolinquan Routines,Shaolin Luohanquan,Argentina,Medina Aquino Francesca,Thu Oct 8,FOP 1,16:41,16:58,Grupo A Femenino Barehand Other Shaolin,
Group A,Female,Barehand,Shaolinquan Routines,Shaolin Luohanquan,Peru,PUMACALLAHUE JAZMÍN ARADELY,Thu Oct 8,FOP 1,16:41,16:58,Grupo A Femenino Barehand Other Shaolin,
Group A,Female,Barehand,Taijiquan Routines,24 Taijiquan,United States of America,Zhu Grace,,,,,,
Group A,Female,Barehand,Wing Chun,Chum Kiu,United States of America,Mendenhall Haley,,,,,,
Group A,Female,Weapon,Double-weapon routines,Shuangbishou (Doublé Daggers),United States of America,Chock Ace,Thu Oct 8,FOP 1,10:00,10:20,Grupo A Femenino Weapon Double-weapon routines,
Group A,Female,Weapon,Double-weapon routines,Shuangbishou (Doublé Daggers),United States of America,Drzymalski Ellison,Thu Oct 8,FOP 1,10:00,10:20,Grupo A Femenino Weapon Double-weapon routines,
Group A,Female,Weapon,Double-weapon routines,Shuangdao (Double Broadsword),United States of America,Lin Melody,Thu Oct 8,FOP 1,10:00,10:20,Grupo A Femenino Weapon Double-weapon routines,
Group A,Female,Addl. Weapon,Double-weapon routines,Other double weapon,Peru,PUMACALLAHUE JAZMÍN ARADELY,Thu Oct 8,FOP 1,10:00,10:20,Grupo A Femenino Weapon Double-weapon routines,
Group A,Female,Weapon,Flexible Soft-weapon routines,Jiujiebian (Nine Section Whip Chain),Peru,PUMACALLAHUE JAZMÍN ARADELY,Thu Oct 8,FOP 1,10:20,10:30,Grupo A Femenino Weapon Flexible Soft-weapon routines,
Group A,Female,Weapon,Flexible Soft-weapon routines,Jiujiebian (Nine Section Whip Chain),United States of America,Chan Thea Yeesum,Thu Oct 8,FOP 1,10:20,10:30,Grupo A Femenino Weapon Flexible Soft-weapon routines,
Group A,Female,Weapon,Shaolin Weapon Routines,Shaolin Dao,Argentina,Florencio Valentina,Thu Oct 8,FOP 1,11:00,11:25,Grupo A Femenino Weapon Shaolin Short Weapon Routines (unified),
Group A,Female,Weapon,Shaolin Weapon Routines,Shaolin Dao,Bolivia,HUANACUNI PINEDO PAKARI NAYRA,Thu Oct 8,FOP 1,11:00,11:25,Grupo A Femenino Weapon Shaolin Short Weapon Routines (unified),
Group A,Female,Weapon,Shaolin Weapon Routines,Shaolin Jian,Argentina,Gonzalez Zambelli Tania Libertad,Thu Oct 8,FOP 1,11:00,11:25,Grupo A Femenino Weapon Shaolin Short Weapon Routines (unified),
Group A,Female,Weapon,Shaolin Weapon Routines,Shaolin Jian,United States of America,Chang Chloe,Thu Oct 8,FOP 1,11:00,11:25,Grupo A Femenino Weapon Shaolin Short Weapon Routines (unified),
Group A,Female,Addl. Weapon,Shaolin Weapon Routines,Shaolin Dao,United States of America,Ngo Ryan,Thu Oct 8,FOP 1,11:00,11:25,Grupo A Femenino Weapon Shaolin Short Weapon Routines (unified),
Group A,Female,Weapon,Shaolin Weapon Routines,Shaolin Staff,Argentina,Cañizares Zoe Valentina,Thu Oct 8,FOP 1,11:25,11:35,Grupo A Femenino Weapon Shaolin Staff,
Group A,Female,Weapon,Shaolin Weapon Routines,Shaolin Staff,Argentina,Medina Aquino Francesca,Thu Oct 8,FOP 1,11:25,11:35,Grupo A Femenino Weapon Shaolin Staff,
Group A,Female,Weapon,Shaolin Weapon Routines,Shaolin Staff,Argentina,Ramos Mia Milagros,Thu Oct 8,FOP 1,11:25,11:35,Grupo A Femenino Weapon Shaolin Staff,
Group A,Female,Weapon,Shaolin Weapon Routines,Shaolin Staff,Bolivia,LOAYZA ENCINAS SUMAYA SATSUKI,Thu Oct 8,FOP 1,11:25,11:35,Grupo A Femenino Weapon Shaolin Staff,
Group A,Female,Weapon,Shaolin Weapon Routines,Shaolin Staff,United States of America,Wang Xiaoyou,Thu Oct 8,FOP 1,11:25,11:35,Grupo A Femenino Weapon Shaolin Staff,
Group A,Female,Weapon,Single-weapon routines,Gun (Cudgel/Staff),Argentina,Rodriguez Jurado Olivia Daira,Thu Oct 8,FOP 1,11:35,11:50,Grupo A Femenino Weapon Single-weapon routines (unified),
Group A,Female,Addl. Weapon,Single-weapon routines,Gun (Cudgel/Staff),United States of America,Tesch Yelena,Thu Oct 8,FOP 1,11:35,11:50,Grupo A Femenino Weapon Single-weapon routines (unified),
Group A,Female,Addl. Weapon,Single-weapon routines,Pudao,United States of America,Lin Melody,Thu Oct 8,FOP 1,11:35,11:50,Grupo A Femenino Weapon Single-weapon routines (unified),
Group A,Female,Weapon,Single-weapon routines,Nandao (Southern Broadsword),United States of America,Harris Mai-Linh,Thu Oct 8,FOP 1,10:35,10:45,Grupo A Femenino Weapon Nandao(Southern Broadsword),
Group A,Female,Weapon,Single-weapon routines,Nandao (Southern Broadsword),United States of America,Ngo Ryan,Thu Oct 8,FOP 1,10:35,10:45,Grupo A Femenino Weapon Nandao(Southern Broadsword),
Group A,Female,Weapon,Single-weapon routines,Nandao (Southern Broadsword),United States of America,Tan Genevieve,Thu Oct 8,FOP 1,10:35,10:45,Grupo A Femenino Weapon Nandao(Southern Broadsword),
Group A,Female,Weapon,Single-weapon routines,Nangun (Southern Staff/Cudgel),Argentina,Depaoli Valentina Antonella,Thu Oct 8,FOP 1,13:40,13:45,Grupo A Femenino Weapon Nangun,
Group A,Female,Addl. Weapon,Single-weapon routines,Nangun (Southern Staff/Cudgel),United States of America,Harris Mai-Linh,Thu Oct 8,FOP 1,13:40,13:45,Grupo A Femenino Weapon Nangun,
Group A,Female,Addl. Weapon,Single-weapon routines,Nangun (Southern Staff/Cudgel),United States of America,Tan Genevieve,Thu Oct 8,FOP 1,13:40,13:45,Grupo A Femenino Weapon Nangun,
Group A,Female,Weapon,Single-weapon routines,Shanzi (Fan),United States of America,Tesch Yelena,Thu Oct 8,FOP 1,10:45,11:00,Grupo A Femenino Weapon Shanzi (Fan),
Group A,Female,Addl. Weapon,Single-weapon routines,Shanzi (Fan),United States of America,Chan Thea Yeesum,Thu Oct 8,FOP 1,10:45,11:00,Grupo A Femenino Weapon Shanzi (Fan),
Group A,Female,Addl. Weapon,Single-weapon routines,Shanzi (Fan),United States of America,Wang Xiaoyou,Thu Oct 8,FOP 1,10:45,11:00,Grupo A Femenino Weapon Shanzi (Fan),
Group A,Female,Weapon,Single-weapon routines,Taijijian,United States of America,Zhu Grace,Thu Oct 8,FOP 3,14:20,14:25,Grupo A Femenino Weapon Taijijian,
Group A,Female,Weapon,Wing Chun Weapon Routines,Luk Dim Boon Gun,United States of America,Mendenhall Haley,Thu Oct 8,FOP 1,10:30,10:35,Grupo A Femenino Weapon Luk Dim Boon Gun,
Group A,Male,Barehand,Nanquan-type events,Hung Gar (Hongjia Quan),Brazil,REDONDO Pedro de Oliveira,Thu Oct 8,FOP 1,17:08,17:20,Grupo A Masculino Barehand Nanquan-type events (unified),
Group A,Male,Barehand,Nanquan-type events,Otros estilos sureños.,United States of America,Hwang Lucas,Thu Oct 8,FOP 1,17:08,17:20,Grupo A Masculino Barehand Nanquan-type events (unified),
Group A,Male,Barehand,Nanquan-type events,Otros estilos sureños.,United States of America,Roldan Blake,Thu Oct 8,FOP 1,17:08,17:20,Grupo A Masculino Barehand Nanquan-type events (unified),
Group A,Male,Barehand,Nanquan-type events,Otros estilos sureños.,United States of America,Sarabia Dash,Thu Oct 8,FOP 1,17:08,17:20,Grupo A Masculino Barehand Nanquan-type events (unified),
Group A,Male,Barehand,Nanquan-type events,Otros estilos sureños.,United States of America,Vo Benjamin,Thu Oct 8,FOP 1,17:08,17:20,Grupo A Masculino Barehand Nanquan-type events (unified),
Group A,Male,Barehand,Nanquan-type events,Otros estilos sureños.,United States of America,Wong Francis Mou Ching,Thu Oct 8,FOP 1,17:08,17:20,Grupo A Masculino Barehand Nanquan-type events (unified),
Group A,Male,Barehand,Other Northern Style,Baji Quan,Canada,Liu Eden Jing Cheng,Thu Oct 8,FOP 1,17:20,17:32,Grupo A Masculino Barehand Other Northern Style (unified),
Group A,Male,Barehand,Other Northern Style,Cha Quan,United States of America,Yan Weihang,Thu Oct 8,FOP 1,17:20,17:32,Grupo A Masculino Barehand Other Northern Style (unified),
Group A,Male,Barehand,Other Northern Style,Ditang Quan,United States of America,Drzymalski Jinson,Thu Oct 8,FOP 1,17:20,17:32,Grupo A Masculino Barehand Other Northern Style (unified),
Group A,Male,Barehand,Other Northern Style,Ditang Quan,United States of America,Zhang Charles,Thu Oct 8,FOP 1,17:20,17:32,Grupo A Masculino Barehand Other Northern Style (unified),
Group A,Male,Barehand,Other Northern Style,Emei Quan,United States of America,Badepalli Kashik,Thu Oct 8,FOP 1,17:20,17:32,Grupo A Masculino Barehand Other Northern Style (unified),
Group A,Male,Barehand,Other Northern Style,other types of traditional styles,Argentina,Moyano Las Milo Valentino,Thu Oct 8,FOP 1,17:20,17:32,Grupo A Masculino Barehand Other Northern Style (unified),
Group A,Male,Barehand,Other Northern Style,other types of traditional styles,United States of America,Xia Baron,Thu Oct 8,FOP 1,17:20,17:32,Grupo A Masculino Barehand Other Northern Style (unified),
Group A,Male,Barehand,Shaolinquan Routines,Other Shaolin Barehand,Argentina,Cabrera Moreno Joaquin,Thu Oct 8,FOP 1,17:45,17:59,Grupo A Masculino Barehand Shaolinquan Routines (unified),
Group A,Male,Barehand,Shaolinquan Routines,Other Shaolin Barehand,Argentina,Cardozo Mateo,Thu Oct 8,FOP 1,17:45,17:59,Grupo A Masculino Barehand Shaolinquan Routines (unified),
Group A,Male,Barehand,Shaolinquan Routines,Other Shaolin Barehand,Argentina,Valdez Mateo,Thu Oct 8,FOP 1,17:45,17:59,Grupo A Masculino Barehand Shaolinquan Routines (unified),
Group A,Male,Barehand,Shaolinquan Routines,Other Shaolin Barehand,Bolivia,SALAS AGUILAR SANTIAGO ALONZO,Thu Oct 8,FOP 1,17:45,17:59,Grupo A Masculino Barehand Shaolinquan Routines (unified),
Group A,Male,Barehand,Shaolinquan Routines,Other Shaolin Barehand,United States of America,Lee Andrew,Thu Oct 8,FOP 1,17:45,17:59,Grupo A Masculino Barehand Shaolinquan Routines (unified),
Group A,Male,Barehand,Shaolinquan Routines,Shaolin Hongquan,Argentina,Diaz Cañete Matyas,Thu Oct 8,FOP 1,17:45,17:59,Grupo A Masculino Barehand Shaolinquan Routines (unified),
Group A,Male,Barehand,Shaolinquan Routines,Shaolin Luohanquan,Argentina,D'Agostino Benjamin Luca,Thu Oct 8,FOP 1,17:45,17:59,Grupo A Masculino Barehand Shaolinquan Routines (unified),
Group A,Male,Barehand,Shaolinquan Routines,Shaolin Luohanquan,Argentina,Villalba Valentin,Thu Oct 8,FOP 1,17:45,17:59,Grupo A Masculino Barehand Shaolinquan Routines (unified),
Group A,Male,Barehand,Taijiquan Routines,Chen Taijiquan,Canada,Li Ronghou,,,,,,
Group A,Male,Weapon,Double-weapon routines,Shuangbishou (Doublé Daggers),United States of America,Drzymalski Jinson,Thu Oct 8,FOP 1,11:55,12:10,Grupo A Masculino Weapon Double-weapon routines (unified),
Group A,Male,Weapon,Double-weapon routines,Shuangbishou (Doublé Daggers),United States of America,Lee Andrew,Thu Oct 8,FOP 1,11:55,12:10,Grupo A Masculino Weapon Double-weapon routines (unified),
Group A,Male,Weapon,Double-weapon routines,Shuangbishou (Doublé Daggers),United States of America,Sarabia Dash,Thu Oct 8,FOP 1,11:55,12:10,Grupo A Masculino Weapon Double-weapon routines (unified),
Group A,Male,Weapon,Double-weapon routines,Shuangdao (Double Broadsword),United States of America,Hwang Lucas,Thu Oct 8,FOP 1,11:55,12:10,Grupo A Masculino Weapon Double-weapon routines (unified),
Group A,Male,Weapon,Double-weapon routines,Shuangdao (Double Broadsword),United States of America,Xia Baron,Thu Oct 8,FOP 1,11:55,12:10,Grupo A Masculino Weapon Double-weapon routines (unified),
Group A,Male,Weapon,Double-weapon routines,Shuangdao (Double Broadsword),United States of America,Yan Weihang,Thu Oct 8,FOP 1,11:55,12:10,Grupo A Masculino Weapon Double-weapon routines (unified),
Group A,Male,Weapon,Shaolin Weapon Routines,Shaolin Dao,Argentina,Diaz Cañete Matyas,Thu Oct 8,FOP 1,12:45,12:55,Grupo A Masculino Weapon Single-Short Weapon routines (unified),
Group A,Male,Weapon,Shaolin Weapon Routines,Shaolin Dao,Argentina,Valdez Mateo,Thu Oct 8,FOP 1,12:45,12:55,Grupo A Masculino Weapon Single-Short Weapon routines (unified),
Group A,Male,Weapon,Shaolin Weapon Routines,Shaolin Dao,United States of America,Vo Benjamin,Thu Oct 8,FOP 1,12:45,12:55,Grupo A Masculino Weapon Single-Short Weapon routines (unified),
Group A,Male,Weapon,Shaolin Weapon Routines,Shaolin Dao,United States of America,Wong Francis Mou Ching,Thu Oct 8,FOP 1,12:45,12:55,Grupo A Masculino Weapon Single-Short Weapon routines (unified),
Group A,Male,Addl. Weapon,Shaolin Weapon Routines,Shaolin Dao,United States of America,Lee Andrew,Thu Oct 8,FOP 1,12:45,12:55,Grupo A Masculino Weapon Single-Short Weapon routines (unified),
Group A,Male,Weapon,Single-weapon routines,Dao (Broadsword),Argentina,Moyano Las Milo Valentino,Thu Oct 8,FOP 1,12:45,12:55,Grupo A Masculino Weapon Single-Short Weapon routines (unified),
Group A,Male,Addl. Weapon,Shaolin Weapon Routines,Other Shaolin Short Weapons,United States of America,Roldan Blake,Thu Oct 8,FOP 1,12:45,12:55,Grupo A Masculino Weapon Single-Short Weapon routines (unified),
Group A,Male,Weapon,Shaolin Weapon Routines,Shaolin Jian,Argentina,D'Agostino Benjamin Luca,Thu Oct 8,FOP 1,12:45,12:55,Grupo A Masculino Weapon Single-Short Weapon routines (unified),
Group A,Male,Weapon,Shaolin Weapon Routines,Shaolin Spear,United States of America,Roldan Blake,Thu Oct 8,FOP 1,12:30,12:45,Grupo A Masculino Weapon Single-long weapon routines (unified),
Group A,Male,Weapon,Shaolin Weapon Routines,Shaolin Staff,Argentina,Cardozo Mateo,Thu Oct 8,FOP 1,12:30,12:45,Grupo A Masculino Weapon Single-long weapon routines (unified),
Group A,Male,Weapon,Shaolin Weapon Routines,Shaolin Staff,Argentina,Villalba Valentin,Thu Oct 8,FOP 1,12:30,12:45,Grupo A Masculino Weapon Single-long weapon routines (unified),
Group A,Male,Weapon,Shaolin Weapon Routines,Shaolin Staff,Canada,Liu Eden Jing Cheng,Thu Oct 8,FOP 1,12:30,12:45,Grupo A Masculino Weapon Single-long weapon routines (unified),
Group A,Male,Weapon,Shaolin Weapon Routines,Shaolin Staff,United States of America,Badepalli Kashik,Thu Oct 8,FOP 1,12:30,12:45,Grupo A Masculino Weapon Single-long weapon routines (unified),
Group A,Male,Addl. Weapon,Shaolin Weapon Routines,Shaolin Staff,United States of America,Vo Benjamin,Thu Oct 8,FOP 1,12:30,12:45,Grupo A Masculino Weapon Single-long weapon routines (unified),
Group A,Male,Addl. Weapon,Shaolin Weapon Routines,Shaolin Staff,United States of America,Wong Francis Mou Ching,Thu Oct 8,FOP 1,12:30,12:45,Grupo A Masculino Weapon Single-long weapon routines (unified),
Group A,Male,Weapon,Single-weapon routines,Gun (Cudgel/Staff),Argentina,Cabrera Moreno Joaquin,Thu Oct 8,FOP 1,12:30,12:45,Grupo A Masculino Weapon Single-long weapon routines (unified),
Group A,Male,Addl. Weapon,Single-weapon routines,Pudao,United States of America,Hwang Lucas,Thu Oct 8,FOP 1,12:30,12:45,Grupo A Masculino Weapon Single-long weapon routines (unified),
Group A,Male,Addl. Weapon,Single-weapon routines,Pudao,United States of America,Xia Baron,Thu Oct 8,FOP 1,12:30,12:45,Grupo A Masculino Weapon Single-long weapon routines (unified),
Group A,Male,Weapon,Single-weapon routines,42-posture Taijijian,Canada,Li Ronghou,Thu Oct 8,FOP 3,14:15,14:20,Grupo A Masculino Weapon 42-posture Taijijian,
Group A,Male,Addl. Weapon,Flexible Soft-weapon routines,Jiujiebian (Nine Section Whip Chain),United States of America,Zhang Charles,Thu Oct 8,FOP 1,12:10,12:15,Grupo A Masculino Weapon Jiujiebian (Nine Section Whip Chain),
Group A,Male,Weapon,Flexible Soft-weapon routines,Shuangjiegun (Nunchucks),United States of America,Zhang Charles,Thu Oct 8,FOP 1,12:25,12:30,Grupo A Masculino Weapon Shuangjiegun (Nunchucks),
Group A,Male,Weapon,Single-weapon routines,Nangun (Southern Staff/Cudgel),Brazil,REDONDO Pedro de Oliveira,Thu Oct 8,FOP 1,12:15,12:25,Grupo A Masculino Weapon Nangun (Southern Staff/Cudgel),
Group A,Male,Addl. Weapon,Single-weapon routines,Nangun (Southern Staff/Cudgel),United States of America,Yan Weihang,Thu Oct 8,FOP 1,12:15,12:25,Grupo A Masculino Weapon Nangun (Southern Staff/Cudgel),
Group B,Female,Barehand,Nanquan-type events,Choy Lay Fut (Cailifo Quan),Argentina,Riquelme Beltran Naomi,Thu Oct 8,FOP 1,09:15,09:30,Grupo B Femenino Barehand Nanquan-type events (unified),
Group B,Female,Barehand,Nanquan-type events,Otros estilos sureños.,United States of America,Arunkumar Damayanthi,Thu Oct 8,FOP 1,09:15,09:30,Grupo B Femenino Barehand Nanquan-type events (unified),
Group B,Female,Barehand,Nanquan-type events,Otros estilos sureños.,United States of America,Zhang Summer,Thu Oct 8,FOP 1,09:15,09:30,Grupo B Femenino Barehand Nanquan-type events (unified),
Group B,Female,Barehand,Other Northern Style,Baji Quan,Mexico,ZARAGOZA Sora,Thu Oct 8,FOP 1,09:30,09:40,Grupo B Femenino Barehand Other Northern Style (unified),
Group B,Female,Barehand,Other Northern Style,Cha Quan,Argentina,Alabarce Julieta,Thu Oct 8,FOP 1,09:30,09:40,Grupo B Femenino Barehand Other Northern Style (unified),
Group B,Female,Barehand,Other Northern Style,Cha Quan,United States of America,Ye Catherine,Thu Oct 8,FOP 1,09:30,09:40,Grupo B Femenino Barehand Other Northern Style (unified),
Group B,Female,Barehand,Other Northern Style,Fanzi Quan,United States of America,Leyesa Juliet Noelle,Thu Oct 8,FOP 1,09:30,09:40,Grupo B Femenino Barehand Other Northern Style (unified),
Group B,Female,Barehand,Other Northern Style,Fanzi Quan,United States of America,Li Alicia,Thu Oct 8,FOP 1,09:30,09:40,Grupo B Femenino Barehand Other Northern Style (unified),
Group B,Female,Barehand,Other Northern Style,Hua Quan,Brazil,FONSECA Júlia Falcão Fernandes,Thu Oct 8,FOP 1,09:30,09:40,Grupo B Femenino Barehand Other Northern Style (unified),
Group B,Female,Barehand,Other Northern Style,Hua Quan,United States of America,Ye Sarah,Thu Oct 8,FOP 1,09:30,09:40,Grupo B Femenino Barehand Other Northern Style (unified),
Group B,Female,Barehand,Other Northern Style,other types of traditional styles,Brazil,DE CARVALHO DIAS Ana Luiza,Thu Oct 8,FOP 1,09:30,09:40,Grupo B Femenino Barehand Other Northern Style (unified),
Group B,Female,Barehand,Other Northern Style,other types of traditional styles,United States of America,Nadella Sreya,Thu Oct 8,FOP 1,09:30,09:40,Grupo B Femenino Barehand Other Northern Style (unified),
Group B,Female,Barehand,Other Northern Style,other types of traditional styles,United States of America,Ng Wai Chin (Chriselle),Thu Oct 8,FOP 1,09:30,09:40,Grupo B Femenino Barehand Other Northern Style (unified),
Group B,Female,Barehand,Other Northern Style,Estilos de imitación,United States of America,Carre Rayyah,Thu Oct 8,FOP 1,09:00,09:15,Grupo B Femenino Barehand Estilos de imitación,
Group B,Female,Barehand,Other Northern Style,Estilos de imitación,United States of America,Cheng Elyne,Thu Oct 8,FOP 1,09:00,09:15,Grupo B Femenino Barehand Estilos de imitación,
Group B,Female,Barehand,Other Northern Style,Estilos de imitación,United States of America,Jian Emina,Thu Oct 8,FOP 1,09:00,09:15,Grupo B Femenino Barehand Estilos de imitación,
Group B,Female,Barehand,Other Northern Style,Estilos de imitación,United States of America,McKay Sofia Isabela,Thu Oct 8,FOP 1,09:00,09:15,Grupo B Femenino Barehand Estilos de imitación,
Group B,Female,Barehand,Other Northern Style,Estilos de imitación,United States of America,Mukesh Adithi,Thu Oct 8,FOP 1,09:00,09:15,Grupo B Femenino Barehand Estilos de imitación,
Group B,Female,Barehand,Other Northern Style,Estilos de imitación,United States of America,Ngo Jordan,Thu Oct 8,FOP 1,09:00,09:15,Grupo B Femenino Barehand Estilos de imitación,
Group B,Female,Barehand,Shaolinquan Routines,Other Shaolin Barehand,Argentina,Gadow Katalina Griselda,Thu Oct 8,FOP 1,09:40,09:55,Grupo B Femenino Barehand Shaolinquan Routines,
Group B,Female,Barehand,Shaolinquan Routines,Other Shaolin Barehand,Argentina,Olmedo Salinas Liz Candela,Thu Oct 8,FOP 1,09:40,09:55,Grupo B Femenino Barehand Shaolinquan Routines,
Group B,Female,Barehand,Shaolinquan Routines,Other Shaolin Barehand,Bolivia,MONTECINOS ANGULO NATALIA SOFIA,Thu Oct 8,FOP 1,09:40,09:55,Grupo B Femenino Barehand Shaolinquan Routines,
Group B,Female,Barehand,Shaolinquan Routines,Other Shaolin Barehand,Brazil,CONCEIÇÃO Lorena Silva,Thu Oct 8,FOP 1,09:40,09:55,Grupo B Femenino Barehand Shaolinquan Routines,
Group B,Female,Barehand,Shaolinquan Routines,Other Shaolin Barehand,Chile,Martinez Urriola Almendra,Thu Oct 8,FOP 1,09:40,09:55,Grupo B Femenino Barehand Shaolinquan Routines,
Group B,Female,Barehand,Shaolinquan Routines,Other Shaolin Barehand,Peru,FERNANDEZ MARIA FERNANDA,Thu Oct 8,FOP 1,09:40,09:55,Grupo B Femenino Barehand Shaolinquan Routines,
Group B,Female,Barehand,Shaolinquan Routines,Other Shaolin Barehand,Peru,NOGUERA MEGHAN ALEJANDRA,Thu Oct 8,FOP 1,09:40,09:55,Grupo B Femenino Barehand Shaolinquan Routines,
Group B,Female,Barehand,Shaolinquan Routines,Other Shaolin Barehand,Peru,RAMIREZ AMY ROSARIO,Thu Oct 8,FOP 1,09:40,09:55,Grupo B Femenino Barehand Shaolinquan Routines,
Group B,Female,Barehand,Shaolinquan Routines,Shaolin Hongquan,Argentina,Padellaro Isabella,Thu Oct 8,FOP 1,09:40,09:55,Grupo B Femenino Barehand Shaolinquan Routines,
Group B,Female,Barehand,Shaolinquan Routines,Shaolin Hongquan,United States of America,Koh Makena,Thu Oct 8,FOP 1,09:40,09:55,Grupo B Femenino Barehand Shaolinquan Routines,
Group B,Female,Barehand,Shaolinquan Routines,Shaolin Luohanquan,Argentina,Avalos Violeta,Thu Oct 8,FOP 1,09:40,09:55,Grupo B Femenino Barehand Shaolinquan Routines,
Group B,Female,Barehand,Shaolinquan Routines,Shaolin Luohanquan,Argentina,Fleitas Jennifer,Thu Oct 8,FOP 1,09:40,09:55,Grupo B Femenino Barehand Shaolinquan Routines,
Group B,Female,Barehand,Shaolinquan Routines,Shaolin Luohanquan,Argentina,Mereles Giuliana,Thu Oct 8,FOP 1,09:40,09:55,Grupo B Femenino Barehand Shaolinquan Routines,
Group B,Female,Barehand,Shaolinquan Routines,Shaolin Luohanquan,Peru,AQUIMA CAMILA MILAGROS,Thu Oct 8,FOP 1,09:40,09:55,Grupo B Femenino Barehand Shaolinquan Routines,
Group B,Female,Barehand,Shaolinquan Routines,Shaolin Luohanquan,Peru,CUADROS LUNA VICTORIA,Thu Oct 8,FOP 1,09:40,09:55,Grupo B Femenino Barehand Shaolinquan Routines,
Group B,Female,Barehand,Shaolinquan Routines,Shaolin Luohanquan,Peru,FERNANDEZ DANNA NICOLE,Thu Oct 8,FOP 1,09:40,09:55,Grupo B Femenino Barehand Shaolinquan Routines,
Group B,Female,Barehand,Shaolinquan Routines,Shaolin Luohanquan,Argentina,ROBLEDO AMELIE,Thu Oct 8,FOP 1,09:40,09:55,Grupo B Femenino Barehand Shaolinquan Routines,
Group B,Female,Barehand,Taijiquan Routines,42 Taijiquan,Canada,Li Shiwen,Thu Oct 8,FOP 3,09:20,09:25,Grupo B Femenino Barehand Taijiquan Routines (unified),
Group B,Female,Barehand,Taijiquan Routines,42 Taijiquan,United States of America,Leung Angelina,Thu Oct 8,FOP 3,09:20,09:25,Grupo B Femenino Barehand Taijiquan Routines (unified),
Group B,Female,Barehand,Taijiquan Routines,42 Taijiquan,United States of America,Shen Caitlyn,Thu Oct 8,FOP 3,09:20,09:25,Grupo B Femenino Barehand Taijiquan Routines (unified),
Group B,Female,Barehand,Taijiquan Routines,Other Style Taijiquan,United States of America,Tesch Thalia,Thu Oct 8,FOP 3,09:20,09:25,Grupo B Femenino Barehand Taijiquan Routines (unified),
Group B,Female,Barehand,Wing Chun,Siu Nim Tao,United States of America,Mendenhall Evelyn,Thu Oct 8,FOP 1,09:55,10:00,Grupo B Femenino Barehand Siu Nim Tao,
Group B,Female,Weapon,Double-weapon routines,Shuangbishou (Doublé Daggers),Brazil,DE CARVALHO DIAS Ana Luiza,Thu Oct 8,FOP 1,14:15,14:30,Grupo B Femenino Weapon Double-weapon routines (unified),
Group B,Female,Weapon,Double-weapon routines,Shuangbishou (Doublé Daggers),United States of America,Jian Emina,Thu Oct 8,FOP 1,14:15,14:30,Grupo B Femenino Weapon Double-weapon routines (unified),
Group B,Female,Weapon,Double-weapon routines,Shuangbishou (Doublé Daggers),United States of America,McKay Sofia Isabela,Thu Oct 8,FOP 1,14:15,14:30,Grupo B Femenino Weapon Double-weapon routines (unified),
Group B,Female,Addl. Weapon,Double-weapon routines,Shuangjian (Double Straight Sword/ Double Long Tassel Straight Sword),United States of America,Leung Angelina,Thu Oct 8,FOP 1,14:15,14:30,Grupo B Femenino Weapon Double-weapon routines (unified),
Group B,Female,Addl. Weapon,Double-weapon routines,Shuangjian (Double Straight Sword/ Double Long Tassel Straight Sword),United States of America,Yan Amber,Thu Oct 8,FOP 1,14:15,14:30,Grupo B Femenino Weapon Double-weapon routines (unified),
Group B,Female,Weapon,Double-weapon routines,Shuangjian (Double Straight Sword/ Double Long Tassel Straight Sword),United States of America,Leyesa Juliet Noelle,Thu Oct 8,FOP 1,14:15,14:30,Grupo B Femenino Weapon Double-weapon routines (unified),
Group B,Female,Weapon,Double-weapon routines,Other double weapon,Peru,RAMIREZ AMY ROSARIO,Thu Oct 8,FOP 1,14:15,14:30,Grupo B Femenino Weapon Double-weapon routines (unified),
Group B,Female,Addl. Weapon,Double-weapon routines,Other double weapon,Peru,AQUIMA CAMILA MILAGROS,Thu Oct 8,FOP 1,14:15,14:30,Grupo B Femenino Weapon Double-weapon routines (unified),
Group B,Female,Addl. Weapon,Double-weapon routines,Other double weapon,Peru,CUADROS LUNA VICTORIA,Thu Oct 8,FOP 1,14:15,14:30,Grupo B Femenino Weapon Double-weapon routines (unified),
Group B,Female,Addl. Weapon,Double-weapon routines,Other double weapon,Peru,FERNANDEZ MARIA FERNANDA,Thu Oct 8,FOP 1,14:15,14:30,Grupo B Femenino Weapon Double-weapon routines (unified),
Group B,Female,Addl. Weapon,Double-weapon routines,Other double weapon,Peru,NOGUERA MEGHAN ALEJANDRA,Thu Oct 8,FOP 1,14:15,14:30,Grupo B Femenino Weapon Double-weapon routines (unified),
Group B,Female,Addl. Weapon,Double-weapon routines,Other double weapon,Peru,RAMIREZ AMY ROSARIO,Thu Oct 8,FOP 1,14:15,14:30,Grupo B Femenino Weapon Double-weapon routines (unified),
Group B,Female,Weapon,Flexible Soft-weapon routines,Jiujiebian (Nine Section Whip Chain),United States of America,Li Alicia,Thu Oct 8,FOP 1,14:10,14:15,Grupo B Femenino Weapon Flexible Soft-weapon routines (unified),
Group B,Female,Addl. Weapon,Flexible Soft-weapon routines,Jiujiebian (Nine Section Whip Chain),United States of America,Ye Catherine,Thu Oct 8,FOP 1,14:10,14:15,Grupo B Femenino Weapon Flexible Soft-weapon routines (unified),
Group B,Female,Weapon,Flexible Soft-weapon routines,Other Traditional Flexible/soft-weapon Routines,United States of America,Carre Rayyah,Thu Oct 8,FOP 1,14:10,14:15,Grupo B Femenino Weapon Flexible Soft-weapon routines (unified),
Group B,Female,Weapon,Shaolin Weapon Routines,Shaolin Nine-section Chain Whip,United States of America,Ye Sarah,Thu Oct 8,FOP 1,14:10,14:15,Grupo B Femenino Weapon Flexible Soft-weapon routines (unified),
Group B,Female,Weapon,Shaolin Weapon Routines,Shaolin Dao,Argentina,Avalos Violeta,Thu Oct 8,FOP 1,14:35,14:50,Grupo B Femenino Weapon Shaolin Weapon Routines Shaolin Dao,
Group B,Female,Weapon,Shaolin Weapon Routines,Shaolin Dao,Argentina,Fleitas Jennifer,Thu Oct 8,FOP 1,14:35,14:50,Grupo B Femenino Weapon Shaolin Weapon Routines Shaolin Dao,
Group B,Female,Weapon,Shaolin Weapon Routines,Shaolin Dao,Argentina,Mereles Giuliana,Thu Oct 8,FOP 1,14:35,14:50,Grupo B Femenino Weapon Shaolin Weapon Routines Shaolin Dao,
Group B,Female,Weapon,Shaolin Weapon Routines,Shaolin Dao,Bolivia,MONTECINOS ANGULO NATALIA SOFIA,Thu Oct 8,FOP 1,14:35,14:50,Grupo B Femenino Weapon Shaolin Weapon Routines Shaolin Dao,
Group B,Female,Weapon,Shaolin Weapon Routines,Shaolin Dao,Peru,AQUIMA CAMILA MILAGROS,Thu Oct 8,FOP 1,14:35,14:50,Grupo B Femenino Weapon Shaolin Weapon Routines Shaolin Dao,
Group B,Female,Weapon,Shaolin Weapon Routines,Shaolin Dao,Peru,CUADROS LUNA VICTORIA,Thu Oct 8,FOP 1,14:35,14:50,Grupo B Femenino Weapon Shaolin Weapon Routines Shaolin Dao,
Group B,Female,Weapon,Shaolin Weapon Routines,Shaolin Dao,Peru,FERNANDEZ MARIA FERNANDA,Thu Oct 8,FOP 1,14:35,14:50,Grupo B Femenino Weapon Shaolin Weapon Routines Shaolin Dao,
Group B,Female,Weapon,Shaolin Weapon Routines,Shaolin Dao,Peru,NOGUERA MEGHAN ALEJANDRA,Thu Oct 8,FOP 1,14:35,14:50,Grupo B Femenino Weapon Shaolin Weapon Routines Shaolin Dao,
Group B,Female,Weapon,Shaolin Weapon Routines,Shaolin Dao,United States of America,Cheng Elyne,Thu Oct 8,FOP 1,14:35,14:50,Grupo B Femenino Weapon Shaolin Weapon Routines Shaolin Dao,
Group B,Female,Weapon,Shaolin Weapon Routines,Shaolin Dao,United States of America,Mukesh Adithi,Thu Oct 8,FOP 1,14:35,14:50,Grupo B Femenino Weapon Shaolin Weapon Routines Shaolin Dao,
Group B,Female,Weapon,Shaolin Weapon Routines,Shaolin Jian,Argentina,Padellaro Isabella,Thu Oct 8,FOP 1,15:05,15:20,Grupo B Femenino Weapon Single- Short weapon routines (unified),
Group B,Female,Weapon,Shaolin Weapon Routines,Shaolin Jian,United States of America,Ngo Jordan,Thu Oct 8,FOP 1,15:05,15:20,Grupo B Femenino Weapon Single- Short weapon routines (unified),
Group B,Female,Weapon,Shaolin Weapon Routines,Shaolin Jian,United States of America,Ye Catherine,Thu Oct 8,FOP 1,15:05,15:20,Grupo B Femenino Weapon Single- Short weapon routines (unified),
Group B,Female,Weapon,Shaolin Weapon Routines,Other Shaolin Short Weapons,Chile,Martinez Urriola Almendra,Thu Oct 8,FOP 1,15:05,15:20,Grupo B Femenino Weapon Single- Short weapon routines (unified),
Group B,Female,Weapon,Shaolin Weapon Routines,Other Shaolin Short Weapons,United States of America,Koh Makena,Thu Oct 8,FOP 1,15:05,15:20,Grupo B Femenino Weapon Single- Short weapon routines (unified),
Group B,Female,Addl. Weapon,Shaolin Weapon Routines,Other Shaolin Short Weapons,United States of America,Mukesh Adithi,Thu Oct 8,FOP 1,15:05,15:20,Grupo B Femenino Weapon Single- Short weapon routines (unified),
Group B,Female,Weapon,Single-weapon routines,Jian (Straight Sword),United States of America,Ng Wai Chin (Chriselle),Thu Oct 8,FOP 1,15:05,15:20,Grupo B Femenino Weapon Single- Short weapon routines (unified),
Group B,Female,Addl. Weapon,Single-weapon routines,Jian (Straight Sword),United States of America,Li Alicia,Thu Oct 8,FOP 1,15:05,15:20,Grupo B Femenino Weapon Single- Short weapon routines (unified),
Group B,Female,Weapon,Shaolin Weapon Routines,Shaolin Spear,Brazil,CONCEIÇÃO Lorena Silva,Thu Oct 8,FOP 1,14:50,15:05,Grupo B Femenino Weapon Single- Long weapon routines (unified),
Group B,Female,Addl. Weapon,Shaolin Weapon Routines,Shaolin Spear,United States of America,Ngo Jordan,Thu Oct 8,FOP 1,14:50,15:05,Grupo B Femenino Weapon Single- Long weapon routines (unified),
Group B,Female,Addl. Weapon,Shaolin Weapon Routines,Shaolin Spear,United States of America,Ye Sarah,Thu Oct 8,FOP 1,14:50,15:05,Grupo B Femenino Weapon Single- Long weapon routines (unified),
Group B,Female,Weapon,Shaolin Weapon Routines,Shaolin Staff,Argentina,Gadow Katalina Griselda,Thu Oct 8,FOP 1,14:50,15:05,Grupo B Femenino Weapon Single- Long weapon routines (unified),
Group B,Female,Weapon,Shaolin Weapon Routines,Shaolin Staff,Argentina,Olmedo Salinas Liz Candela,Thu Oct 8,FOP 1,14:50,15:05,Grupo B Femenino Weapon Single- Long weapon routines (unified),
Group B,Female,Weapon,Shaolin Weapon Routines,Shaolin Staff,Peru,FERNANDEZ DANNA NICOLE,Thu Oct 8,FOP 1,14:50,15:05,Grupo B Femenino Weapon Single- Long weapon routines (unified),
Group B,Female,Weapon,Shaolin Weapon Routines,Shaolin Staff,United States of America,Arunkumar Damayanthi,Thu Oct 8,FOP 1,14:50,15:05,Grupo B Femenino Weapon Single- Long weapon routines (unified),
Group B,Female,Addl. Weapon,Shaolin Weapon Routines,Other Shaolin Long Weapons,United States of America,Koh Makena,Thu Oct 8,FOP 1,14:50,15:05,Grupo B Femenino Weapon Single- Long weapon routines (unified),
Group B,Female,Weapon,Single-weapon routines,Pudao,Argentina,Riquelme Beltran Naomi,Thu Oct 8,FOP 1,14:50,15:05,Grupo B Femenino Weapon Single- Long weapon routines (unified),
Group B,Female,Weapon,Single-weapon routines,Qiang (Spear),Argentina,Alabarce Julieta,Thu Oct 8,FOP 1,14:50,15:05,Grupo B Femenino Weapon Single- Long weapon routines (unified),
Group B,Female,Weapon,Single-weapon routines,42-posture Taijijian,Canada,Li Shiwen,Thu Oct 8,FOP 3,10:20,10:30,Grupo B Femenino Weapon Single-weapon routines (Taijijian Taijidao unified),
Group B,Female,Weapon,Single-weapon routines,42-posture Taijijian,United States of America,Shen Caitlyn,Thu Oct 8,FOP 3,10:20,10:30,Grupo B Femenino Weapon Single-weapon routines (Taijijian Taijidao unified),
Group B,Female,Weapon,Single-weapon routines,42-posture Taijijian,United States of America,Yan Amber,Thu Oct 8,FOP 3,10:20,10:30,Grupo B Femenino Weapon Single-weapon routines (Taijijian Taijidao unified),
Group B,Female,Weapon,Single-weapon routines,Taijijian,United States of America,Leung Angelina,Thu Oct 8,FOP 3,10:20,10:30,Grupo B Femenino Weapon Single-weapon routines (Taijijian Taijidao unified),
Group B,Female,Weapon,Single-weapon routines,Taijijian,United States of America,Tesch Thalia,Thu Oct 8,FOP 3,10:20,10:30,Grupo B Femenino Weapon Single-weapon routines (Taijijian Taijidao unified),
Group B,Female,Addl. Weapon,Single-weapon routines,Taijidao,United States of America,Arunkumar Damayanthi,Thu Oct 8,FOP 3,10:20,10:30,Grupo B Femenino Weapon Single-weapon routines (Taijijian Taijidao unified),
Group B,Female,Addl. Weapon,Single-weapon routines,Taijishan,United States of America,Shen Caitlyn,Thu Oct 8,FOP 3,10:30,10:35,Grupo B Femenino Weapon Single-weapon routines Taijishan,
Group B,Female,Addl. Weapon,Single-weapon routines,Taijishan,United States of America,Tesch Thalia,Thu Oct 8,FOP 3,10:30,10:35,Grupo B Femenino Weapon Single-weapon routines Taijishan,
Group B,Female,Weapon,Single-weapon routines,Nandao (Southern Broadsword),United States of America,Zhang Summer,Thu Oct 8,FOP 1,15:20,15:25,Grupo B Femenino Weapon Single-weapon routines (Southern unified),
Group B,Female,Addl. Weapon,Single-weapon routines,Nandao (Southern Broadsword),United States of America,Jian Emina,Thu Oct 8,FOP 1,15:20,15:25,Grupo B Femenino Weapon Single-weapon routines (Southern unified),
Group B,Female,Addl. Weapon,Single-weapon routines,Nangun (Southern Staff/Cudgel),United States of America,Zhang Summer,Thu Oct 8,FOP 1,15:20,15:25,Grupo B Femenino Weapon Single-weapon routines (Southern unified),
Group B,Female,Weapon,Single-weapon routines,Shanzi (Fan),Brazil,FONSECA Júlia Falcão Fernandes,Thu Oct 8,FOP 1,14:30,14:35,Grupo B Femenino Weapon Shanzi (Fan),
Group B,Female,Weapon,Single-weapon routines,Shanzi (Fan),Mexico,ZARAGOZA Sora,Thu Oct 8,FOP 1,14:30,14:35,Grupo B Femenino Weapon Shanzi (Fan),
Group B,Female,Weapon,Single-weapon routines,Shanzi (Fan),United States of America,Nadella Sreya,Thu Oct 8,FOP 1,14:30,14:35,Grupo B Femenino Weapon Shanzi (Fan),
Group B,Male,Barehand,Nanquan-type events,Choy Lay Fut (Cailifo Quan),Argentina,Osorio Ezequiel,Thu Oct 8,FOP 1,12:55,13:05,Grupo B Masculino Barehand Nanquan-type events (unified),
Group B,Male,Barehand,Nanquan-type events,Choy Lay Fut (Cailifo Quan),United States of America,Datar Atharva,Thu Oct 8,FOP 1,12:55,13:05,Grupo B Masculino Barehand Nanquan-type events (unified),
Group B,Male,Barehand,Nanquan-type events,Otros estilos sureños.,United States of America,Cheng Arthur,Thu Oct 8,FOP 1,12:55,13:05,Grupo B Masculino Barehand Nanquan-type events (unified),
Group B,Male,Barehand,Nanquan-type events,Otros estilos sureños.,United States of America,Roldan Brayden,Thu Oct 8,FOP 1,12:55,13:05,Grupo B Masculino Barehand Nanquan-type events (unified),
Group B,Male,Barehand,Other Northern Style,Baji Quan,United States of America,Pinedo Aaron,Thu Oct 8,FOP 1,13:05,13:25,Grupo B Masculino Barehand Other Northern Style (unified),
Group B,Male,Barehand,Other Northern Style,Baji Quan,United States of America,Zhu Eric,Thu Oct 8,FOP 1,13:05,13:25,Grupo B Masculino Barehand Other Northern Style (unified),
Group B,Male,Barehand,Other Northern Style,Cha Quan,United States of America,Gaan Miles,Thu Oct 8,FOP 1,13:05,13:25,Grupo B Masculino Barehand Other Northern Style (unified),
Group B,Male,Barehand,Other Northern Style,Cha Quan,United States of America,Wong Matthew Yum Ping,Thu Oct 8,FOP 1,13:05,13:25,Grupo B Masculino Barehand Other Northern Style (unified),
Group B,Male,Barehand,Other Northern Style,Fanzi Quan,United States of America,Li Alex,Thu Oct 8,FOP 1,13:05,13:25,Grupo B Masculino Barehand Other Northern Style (unified),
Group B,Male,Barehand,Other Northern Style,Fanzi Quan,United States of America,Liang Aaron,Thu Oct 8,FOP 1,13:05,13:25,Grupo B Masculino Barehand Other Northern Style (unified),
Group B,Male,Barehand,Other Northern Style,Hua Quan,United States of America,Thio Julian,Thu Oct 8,FOP 1,13:05,13:25,Grupo B Masculino Barehand Other Northern Style (unified),
Group B,Male,Barehand,Other Northern Style,Wudang Quan,United States of America,Chong Kaihua,Thu Oct 8,FOP 1,13:05,13:25,Grupo B Masculino Barehand Other Northern Style (unified),
Group B,Male,Barehand,Other Northern Style,Wudang Quan,United States of America,Kocharlakota Abhinav,Thu Oct 8,FOP 1,13:05,13:25,Grupo B Masculino Barehand Other Northern Style (unified),
Group B,Male,Barehand,Other Northern Style,other types of traditional styles,Brazil,DELGADO Artur da Silva,Thu Oct 8,FOP 1,13:05,13:25,Grupo B Masculino Barehand Other Northern Style (unified),
Group B,Male,Barehand,Other Northern Style,other types of traditional styles,United States of America,Croughwell Maximus,Thu Oct 8,FOP 1,13:05,13:25,Grupo B Masculino Barehand Other Northern Style (unified),
Group B,Male,Barehand,Other Northern Style,Estilos de imitación,United States of America,Taff Timothy,Thu Oct 8,FOP 1,13:05,13:25,Grupo B Masculino Barehand Other Northern Style (unified),
Group B,Male,Barehand,Shaolinquan Routines,Other Shaolin Barehand,Argentina,Llampa Machuca Bautista Americo,Thu Oct 8,FOP 1,13:25,13:40,Grupo B Masculino Barehand Shaolinquan Routines (unified),
Group B,Male,Barehand,Shaolinquan Routines,Other Shaolin Barehand,Bolivia,HUANACUNI PINEDO HUASKAR SORIAM,Thu Oct 8,FOP 1,13:25,13:40,Grupo B Masculino Barehand Shaolinquan Routines (unified),
Group B,Male,Barehand,Shaolinquan Routines,Other Shaolin Barehand,Bolivia,QUISPE MAMANI THYAGO MILAN,Thu Oct 8,FOP 1,13:25,13:40,Grupo B Masculino Barehand Shaolinquan Routines (unified),
Group B,Male,Barehand,Shaolinquan Routines,Other Shaolin Barehand,Peru,CABALLERO CRISTHIAN JAIR,Thu Oct 8,FOP 1,13:25,13:40,Grupo B Masculino Barehand Shaolinquan Routines (unified),
Group B,Male,Barehand,Shaolinquan Routines,Other Shaolin Barehand,Peru,CALCINA EDUARDO MARTIN,Thu Oct 8,FOP 1,13:25,13:40,Grupo B Masculino Barehand Shaolinquan Routines (unified),
Group B,Male,Barehand,Shaolinquan Routines,Other Shaolin Barehand,Peru,QUISPE JUAN DAVID,Thu Oct 8,FOP 1,13:25,13:40,Grupo B Masculino Barehand Shaolinquan Routines (unified),
Group B,Male,Barehand,Shaolinquan Routines,Other Shaolin Barehand,Peru,SALAS PAULO BENJAMÍN,Thu Oct 8,FOP 1,13:25,13:40,Grupo B Masculino Barehand Shaolinquan Routines (unified),
Group B,Male,Barehand,Shaolinquan Routines,Shaolin Hongquan,Argentina,Acosta Tahiel,Thu Oct 8,FOP 1,13:25,13:40,Grupo B Masculino Barehand Shaolinquan Routines (unified),
Group B,Male,Barehand,Shaolinquan Routines,Shaolin Luohanquan,Argentina,Almada Carlos,Thu Oct 8,FOP 1,13:25,13:40,Grupo B Masculino Barehand Shaolinquan Routines (unified),
Group B,Male,Barehand,Shaolinquan Routines,Shaolin Luohanquan,Argentina,ALEGRE CATRIEL,Thu Oct 8,FOP 1,13:25,13:40,Grupo B Masculino Barehand Shaolinquan Routines (unified),
Group B,Male,Barehand,Shaolinquan Routines,Shaolin Luohanquan,Argentina,TORRES BRIAN,Thu Oct 8,FOP 1,13:25,13:40,Grupo B Masculino Barehand Shaolinquan Routines (unified),
Group B,Male,Barehand,Taijiquan Routines,24 Taijiquan,Argentina,Filadoro Octavio,Thu Oct 8,FOP 3,09:25,09:30,Grupo B Masculino Barehand 24 Taijiquan,
Group B,Male,Barehand,Taijiquan Routines,24 Taijiquan,United States of America,Zhao Eric,Thu Oct 8,FOP 3,09:25,09:30,Grupo B Masculino Barehand 24 Taijiquan,
Group B,Male,Weapon,Double-weapon routines,Shuangdao (Double Broadsword),United States of America,Chong Kaihua,Thu Oct 8,FOP 1,15:35,15:40,Grupo B Masculino Weapon Double-weapon routines (unified),
Group B,Male,Weapon,Double-weapon routines,Shuangdao (Double Broadsword),United States of America,Pinedo Aaron,Thu Oct 8,FOP 1,15:35,15:40,Grupo B Masculino Weapon Double-weapon routines (unified),
Group B,Male,Addl. Weapon,Double-weapon routines,Other double weapon,Peru,CALCINA EDUARDO MARTIN,Thu Oct 8,FOP 1,15:35,15:40,Grupo B Masculino Weapon Double-weapon routines (unified),
Group B,Male,Weapon,Flexible Soft-weapon routines,Jiujiebian (Nine Section Whip Chain),United States of America,Li Alex,Thu Oct 8,FOP 1,15:40,15:50,Grupo B Masculino Weapon Jiujiebian (Nine Section Whip Chain),
Group B,Male,Weapon,Flexible Soft-weapon routines,Jiujiebian (Nine Section Whip Chain),United States of America,Taff Timothy,Thu Oct 8,FOP 1,15:40,15:50,Grupo B Masculino Weapon Jiujiebian (Nine Section Whip Chain),
Group B,Male,Addl. Weapon,Shaolin Weapon Routines,Shaolin Nine-section Chain Whip,United States of America,Cheng Arthur,Thu Oct 8,FOP 1,15:40,15:50,Grupo B Masculino Weapon Jiujiebian (Nine Section Whip Chain),
Group B,Male,Addl. Weapon,Shaolin Weapon Routines,Shaolin Nine-section Chain Whip,United States of America,Roldan Brayden,Thu Oct 8,FOP 1,15:40,15:50,Grupo B Masculino Weapon Jiujiebian (Nine Section Whip Chain),
Group B,Male,Weapon,Shaolin Weapon Routines,Shaolin Nine-section Chain Whip,Peru,QUISPE JUAN DAVID,Thu Oct 8,FOP 1,15:40,15:50,Grupo B Masculino Weapon Jiujiebian (Nine Section Whip Chain),
Group B,Male,Weapon,Shaolin Weapon Routines,Shaolin Nine-section Chain Whip,United States of America,Kocharlakota Abhinav,Thu Oct 8,FOP 1,15:40,15:50,Grupo B Masculino Weapon Jiujiebian (Nine Section Whip Chain),
Group B,Male,Weapon,Shaolin Weapon Routines,Shaolin Dao,Bolivia,QUISPE MAMANI THYAGO MILAN,Thu Oct 8,FOP 1,16:15,16:35,Grupo B Masculino Weapon Shaolin Short Weapon Routines (unified),
Group B,Male,Weapon,Shaolin Weapon Routines,Shaolin Dao,Peru,CALCINA EDUARDO MARTIN,Thu Oct 8,FOP 1,16:15,16:35,Grupo B Masculino Weapon Shaolin Short Weapon Routines (unified),
Group B,Male,Weapon,Shaolin Weapon Routines,Shaolin Dao,United States of America,Cheng Arthur,Thu Oct 8,FOP 1,16:15,16:35,Grupo B Masculino Weapon Shaolin Short Weapon Routines (unified),
Group B,Male,Weapon,Shaolin Weapon Routines,Shaolin Dao,United States of America,Gaan Miles,Thu Oct 8,FOP 1,16:15,16:35,Grupo B Masculino Weapon Shaolin Short Weapon Routines (unified),
Group B,Male,Weapon,Shaolin Weapon Routines,Shaolin Dao,United States of America,Roldan Brayden,Thu Oct 8,FOP 1,16:15,16:35,Grupo B Masculino Weapon Shaolin Short Weapon Routines (unified),
Group B,Male,Weapon,Shaolin Weapon Routines,Shaolin Dao,United States of America,Wong Matthew Yum Ping,Thu Oct 8,FOP 1,16:15,16:35,Grupo B Masculino Weapon Shaolin Short Weapon Routines (unified),
Group B,Male,Weapon,Shaolin Weapon Routines,Shaolin Dao,United States of America,Zhu Eric,Thu Oct 8,FOP 1,16:15,16:35,Grupo B Masculino Weapon Shaolin Short Weapon Routines (unified),
Group B,Male,Addl. Weapon,Shaolin Weapon Routines,Shaolin Dao,Peru,QUISPE JUAN DAVID,Thu Oct 8,FOP 1,16:15,16:35,Grupo B Masculino Weapon Shaolin Short Weapon Routines (unified),
Group B,Male,Weapon,Shaolin Weapon Routines,Shaolin Dao,Argentina,ALEGRE CATRIEL,Thu Oct 8,FOP 1,16:15,16:35,Grupo B Masculino Weapon Shaolin Short Weapon Routines (unified),
Group B,Male,Weapon,Shaolin Weapon Routines,Shaolin Jian,Bolivia,HUANACUNI PINEDO HUASKAR SORIAM,Thu Oct 8,FOP 1,16:15,16:35,Grupo B Masculino Weapon Shaolin Short Weapon Routines (unified),
Group B,Male,Weapon,Shaolin Weapon Routines,Shaolin Jian,Peru,SALAS PAULO BENJAMÍN,Thu Oct 8,FOP 1,16:15,16:35,Grupo B Masculino Weapon Shaolin Short Weapon Routines (unified),
Group B,Male,Addl. Weapon,Shaolin Weapon Routines,Shaolin Jian,United States of America,Datar Atharva,Thu Oct 8,FOP 1,16:15,16:35,Grupo B Masculino Weapon Shaolin Short Weapon Routines (unified),
Group B,Male,Weapon,Shaolin Weapon Routines,Shaolin Staff,Argentina,Acosta Tahiel,Thu Oct 8,FOP 1,16:00,16:15,Grupo B Masculino Weapon Shaolin Long Weapon Routines (unified),
Group B,Male,Weapon,Shaolin Weapon Routines,Shaolin Staff,Argentina,Llampa Machuca Bautista Americo,Thu Oct 8,FOP 1,16:00,16:15,Grupo B Masculino Weapon Shaolin Long Weapon Routines (unified),
Group B,Male,Weapon,Shaolin Weapon Routines,Shaolin Staff,Argentina,TORRES BRIAN,Thu Oct 8,FOP 1,16:00,16:15,Grupo B Masculino Weapon Shaolin Long Weapon Routines (unified),
Group B,Male,Weapon,Shaolin Weapon Routines,Shaolin Staff,Peru,CABALLERO CRISTHIAN JAIR,Thu Oct 8,FOP 1,16:00,16:15,Grupo B Masculino Weapon Shaolin Long Weapon Routines (unified),
Group B,Male,Weapon,Shaolin Weapon Routines,Shaolin Staff,United States of America,Thio Julian,Thu Oct 8,FOP 1,16:00,16:15,Grupo B Masculino Weapon Shaolin Long Weapon Routines (unified),
Group B,Male,Addl. Weapon,Shaolin Weapon Routines,Shaolin Staff,United States of America,Gaan Miles,Thu Oct 8,FOP 1,16:00,16:15,Grupo B Masculino Weapon Shaolin Long Weapon Routines (unified),
Group B,Male,Addl. Weapon,Shaolin Weapon Routines,Shaolin Staff,United States of America,Kocharlakota Abhinav,Thu Oct 8,FOP 1,16:00,16:15,Grupo B Masculino Weapon Shaolin Long Weapon Routines (unified),
Group B,Male,Addl. Weapon,Shaolin Weapon Routines,Shaolin Staff,United States of America,Li Alex,Thu Oct 8,FOP 1,16:00,16:15,Grupo B Masculino Weapon Shaolin Long Weapon Routines (unified),
Group B,Male,Addl. Weapon,Shaolin Weapon Routines,Shaolin Spear,United States of America,Wong Matthew Yum Ping,Thu Oct 8,FOP 1,16:00,16:15,Grupo B Masculino Weapon Shaolin Long Weapon Routines (unified),
Group B,Male,Weapon,Single-weapon routines,Dao (Broadsword),Brazil,DELGADO Artur da Silva,Thu Oct 8,FOP 1,15:30,15:35,Grupo B Masculino Single Weapon Dao,
Group B,Male,Weapon,Single-weapon routines,Dao (Broadsword),United States of America,Croughwell Maximus,Thu Oct 8,FOP 1,15:30,15:35,Grupo B Masculino Single Weapon Dao,
Group B,Male,Addl. Weapon,Single-weapon routines,Jian (Straight Sword),United States of America,Liang Aaron,Thu Oct 8,FOP 1,15:25,15:30,Grupo B Masculino Other Single Weapons,
Group B,Male,Addl. Weapon,Single-weapon routines,Jian (Straight Sword),United States of America,Pinedo Aaron,Thu Oct 8,FOP 1,15:25,15:30,Grupo B Masculino Other Single Weapons,
Group B,Male,Weapon,Single-weapon routines,Shanzi (Fan),Argentina,Almada Carlos,Thu Oct 8,FOP 1,15:25,15:30,Grupo B Masculino Other Single Weapons,
Group B,Male,Weapon,Single-weapon routines,Gun (Cudgel/Staff),United States of America,Datar Atharva,Thu Oct 8,FOP 1,15:50,16:00,Grupo B Masculino Weapon Long Weapon Routines (unified),
Group B,Male,Addl. Weapon,Single-weapon routines,Gun (Cudgel/Staff),United States of America,Croughwell Maximus,Thu Oct 8,FOP 1,15:50,16:00,Grupo B Masculino Weapon Long Weapon Routines (unified),
Group B,Male,Addl. Weapon,Single-weapon routines,Gun (Cudgel/Staff),United States of America,Taff Timothy,Thu Oct 8,FOP 1,15:50,16:00,Grupo B Masculino Weapon Long Weapon Routines (unified),
Group B,Male,Weapon,Single-weapon routines,Pudao,Argentina,Osorio Ezequiel,Thu Oct 8,FOP 1,15:50,16:00,Grupo B Masculino Weapon Long Weapon Routines (unified),
Group B,Male,Weapon,Single-weapon routines,Nandao (Southern Broadsword),United States of America,Liang Aaron,Thu Oct 8,FOP 1,15:25,15:30,Grupo B Masculino Other Single Weapons,
Group B,Male,Addl. Weapon,Single-weapon routines,Nangun (Southern Staff/Cudgel),United States of America,Chong Kaihua,Thu Oct 8,FOP 1,15:25,15:30,Grupo B Masculino Other Single Weapons,
Group B,Male,Weapon,Single-weapon routines,Taijijian,Argentina,Filadoro Octavio,Thu Oct 8,FOP 3,10:05,10:11,Grupo B Masculino Weapon Single- Taijijian routines (unified),
Group B,Male,Weapon,Single-weapon routines,Taijijian,United States of America,Zhao Eric,Thu Oct 8,FOP 3,10:05,10:11,Grupo B Masculino Weapon Single- Taijijian routines (unified),
Group B,Male,Addl. Weapon,Single-weapon routines,42-posture Taijijian,United States of America,Thio Julian,Thu Oct 8,FOP 3,10:05,10:11,Grupo B Masculino Weapon Single- Taijijian routines (unified),
Group B,Male,Addl. Weapon,Single-weapon routines,Taijishan,United States of America,Zhao Eric,Thu Oct 8,FOP 3,10:11,10:14,Grupo B Masculino Weapon Single- Taijishan routines,
Group C,Female,Barehand,Nanquan-type events,Choy Lay Fut (Cailifo Quan),Brazil,DE GENARO Isabella Pontes,Thu Oct 8,FOP 2,09:00,09:10,Grupo C Femenino Barehand Nanquan-type events (unified),
Group C,Female,Barehand,Nanquan-type events,Otros estilos sureños.,Argentina,Ibañez Salgueiro Ingrid Nahiara,Thu Oct 8,FOP 2,09:00,09:10,Grupo C Femenino Barehand Nanquan-type events (unified),
Group C,Female,Barehand,Nanquan-type events,Otros estilos sureños.,Brazil,CARMO PITA Sophia Boecker do,Thu Oct 8,FOP 2,09:00,09:10,Grupo C Femenino Barehand Nanquan-type events (unified),
Group C,Female,Barehand,Other Northern Style,Baji Quan,United States of America,Chiu Alayna,Thu Oct 8,FOP 2,09:10,09:25,Grupo C Femenino Barehand Other Northern Style (unified),
Group C,Female,Barehand,Other Northern Style,Baji Quan,United States of America,Mendoza Sophiena,Thu Oct 8,FOP 2,09:10,09:25,Grupo C Femenino Barehand Other Northern Style (unified),
Group C,Female,Barehand,Other Northern Style,Cha Quan,Argentina,Ibarra Micaela,Thu Oct 8,FOP 2,09:10,09:25,Grupo C Femenino Barehand Other Northern Style (unified),
Group C,Female,Barehand,Other Northern Style,Emei Quan,United States of America,Tiwari Ennishka,Thu Oct 8,FOP 2,09:10,09:25,Grupo C Femenino Barehand Other Northern Style (unified),
Group C,Female,Barehand,Other Northern Style,other types of traditional styles,Brazil,NOGUEIRA Maria Rosa Figueiredo,Thu Oct 8,FOP 2,09:10,09:25,Grupo C Femenino Barehand Other Northern Style (unified),
Group C,Female,Barehand,Other Northern Style,other types of traditional styles,United States of America,Nadella Divyamani,Thu Oct 8,FOP 2,09:10,09:25,Grupo C Femenino Barehand Other Northern Style (unified),
Group C,Female,Barehand,Other Northern Style,Tongbei Quan,United States of America,Zhu Alice,Thu Oct 8,FOP 2,09:10,09:25,Grupo C Femenino Barehand Other Northern Style (unified),
Group C,Female,Barehand,Other Northern Style,Estilos de imitación,United States of America,Halsted Caroline,Thu Oct 8,FOP 2,09:10,09:25,Grupo C Femenino Barehand Other Northern Style (unified),
Group C,Female,Barehand,Other Northern Style,Estilos de imitación,United States of America,Yao Chenyue,Thu Oct 8,FOP 2,09:10,09:25,Grupo C Femenino Barehand Other Northern Style (unified),
Group C,Female,Barehand,Shaolinquan Routines,Other Shaolin Barehand,Argentina,Guaymasi Naydu Ninawa,Thu Oct 8,FOP 2,09:25,09:40,Grupo C Femenino Barehand Shaolinquan Routines (unified),
Group C,Female,Barehand,Shaolinquan Routines,Other Shaolin Barehand,Argentina,Sanchez Frias Marianela,Thu Oct 8,FOP 2,09:25,09:40,Grupo C Femenino Barehand Shaolinquan Routines (unified),
Group C,Female,Barehand,Shaolinquan Routines,Other Shaolin Barehand,Argentina,Sieben Micaela,Thu Oct 8,FOP 2,09:25,09:40,Grupo C Femenino Barehand Shaolinquan Routines (unified),
Group C,Female,Barehand,Shaolinquan Routines,Other Shaolin Barehand,Bolivia,LOAYZA ENCINAS PAULA VICTORIA,Thu Oct 8,FOP 2,09:25,09:40,Grupo C Femenino Barehand Shaolinquan Routines (unified),
Group C,Female,Barehand,Shaolinquan Routines,Other Shaolin Barehand,Brazil,FARIA Anna Clara Figueiredo,Thu Oct 8,FOP 2,09:25,09:40,Grupo C Femenino Barehand Shaolinquan Routines (unified),
Group C,Female,Barehand,Shaolinquan Routines,Other Shaolin Barehand,Brazil,PIACITELLI Amanda Toso Batista,Thu Oct 8,FOP 2,09:25,09:40,Grupo C Femenino Barehand Shaolinquan Routines (unified),
Group C,Female,Barehand,Shaolinquan Routines,Shaolin Luohanquan,Argentina,Barreto Maria Jose,Thu Oct 8,FOP 2,09:25,09:40,Grupo C Femenino Barehand Shaolinquan Routines (unified),
Group C,Female,Barehand,Shaolinquan Routines,Shaolin Luohanquan,Argentina,Quispi León Abigail,Thu Oct 8,FOP 2,09:25,09:40,Grupo C Femenino Barehand Shaolinquan Routines (unified),
Group C,Female,Barehand,Shaolinquan Routines,Shaolin Luohanquan,Argentina,VILLALBA KAREN,Thu Oct 8,FOP 2,09:25,09:40,Grupo C Femenino Barehand Shaolinquan Routines (unified),
Group C,Female,Barehand,Shaolinquan Routines,Shaolin Luohanquan,Peru,ESCUDERO LESLIE ALEXANDRA,Thu Oct 8,FOP 2,09:25,09:40,Grupo C Femenino Barehand Shaolinquan Routines (unified),
Group C,Female,Barehand,Taijiquan Routines,42 Taijiquan,United States of America,Cheng Kathleen,Thu Oct 8,FOP 3,09:30,09:45,Grupo C Femenino Barehand Taijiquan Routines (unified),
Group C,Female,Barehand,Taijiquan Routines,42 Taijiquan,United States of America,Matrisciano Sofia,Thu Oct 8,FOP 3,09:30,09:45,Grupo C Femenino Barehand Taijiquan Routines (unified),
Group C,Female,Barehand,Taijiquan Routines,Chen Taijiquan,Argentina,Romero Monsalve Guadalupe Gisela,Thu Oct 8,FOP 3,09:30,09:45,Grupo C Femenino Barehand Taijiquan Routines (unified),
Group C,Female,Barehand,Taijiquan Routines,Chen Taijiquan,Brazil,DO NASCIMENTO Kemilly Karolinny da Silva,Thu Oct 8,FOP 3,09:30,09:45,Grupo C Femenino Barehand Taijiquan Routines (unified),
Group C,Female,Barehand,Taijiquan Routines,Chen Taijiquan,United States of America,Koka Saesha,Thu Oct 8,FOP 3,09:30,09:45,Grupo C Femenino Barehand Taijiquan Routines (unified),
Group C,Female,Barehand,Taijiquan Routines,Chen Taijiquan,United States of America,Li Phoenix,Thu Oct 8,FOP 3,09:30,09:45,Grupo C Femenino Barehand Taijiquan Routines (unified),
Group C,Female,Barehand,Taijiquan Routines,24 Taijiquan,United States of America,Lu Fionna,Thu Oct 8,FOP 3,09:30,09:45,Grupo C Femenino Barehand Taijiquan Routines (unified),
Group C,Female,Barehand,Taijiquan Routines,Other Style Taijiquan,United States of America,Hsu Lindsay,Thu Oct 8,FOP 3,09:30,09:45,Grupo C Femenino Barehand Taijiquan Routines (unified),
Group C,Female,Barehand,Taijiquan Routines,Other Style Taijiquan,United States of America,Lu Samantha,Thu Oct 8,FOP 3,09:30,09:45,Grupo C Femenino Barehand Taijiquan Routines (unified),
Group C,Female,Barehand,Taijiquan Routines,Yang Taijiquan,United States of America,Harris Kim-Lan,Thu Oct 8,FOP 3,09:30,09:45,Grupo C Femenino Barehand Taijiquan Routines (unified),
Group C,Female,Barehand,Wing Chun,Siu Nim Tao,United States of America,Shotton Rainah,,,,,,
Group C,Female,Weapon,Double-weapon routines,Shuangdao (Double Broadsword),United States of America,Chiu Alayna,Fri Oct 9,FOP 1,10:50,11:00,Grupo C Femenino Weapon Double-weapon routines (unified),
Group C,Female,Weapon,Double-weapon routines,Shuangjian (Double Straight Sword/ Double Long Tassel Straight Sword),United States of America,Hsu Lindsay,Fri Oct 9,FOP 1,10:50,11:00,Grupo C Femenino Weapon Double-weapon routines (unified),
Group C,Female,Weapon,Double-weapon routines,Shuangjian (Double Straight Sword/ Double Long Tassel Straight Sword),United States of America,Zhu Alice,Fri Oct 9,FOP 1,10:50,11:00,Grupo C Femenino Weapon Double-weapon routines (unified),
Group C,Female,Addl. Weapon,Double-weapon routines,Other double weapon,Peru,ESCUDERO LESLIE ALEXANDRA,Fri Oct 9,FOP 1,10:50,11:00,Grupo C Femenino Weapon Double-weapon routines (unified),
Group C,Female,Addl. Weapon,Double-weapon routines,Shuangjian (Double Straight Sword/ Double Long Tassel Straight Sword),United States of America,Harris Kim-Lan,Fri Oct 9,FOP 1,10:50,11:00,Grupo C Femenino Weapon Double-weapon routines (unified),
Group C,Female,Addl. Weapon,Double-weapon routines,Shuangjian (Double Straight Sword/ Double Long Tassel Straight Sword),United States of America,Matrisciano Sofia,Fri Oct 9,FOP 1,10:50,11:00,Grupo C Femenino Weapon Double-weapon routines (unified),
Group C,Female,Weapon,Flexible Soft-weapon routines,Jiujiebian (Nine Section Whip Chain),Peru,SAAVEDRA ADA SOFÍA,Fri Oct 9,FOP 1,11:00,11:05,Grupo C Femenino Weapon Flexible Soft-weapon routines (unified),
Group C,Female,Weapon,Flexible Soft-weapon routines,Sanjiegun (Three Section Staff),United States of America,Halsted Caroline,Fri Oct 9,FOP 1,11:00,11:05,Grupo C Femenino Weapon Flexible Soft-weapon routines (unified),
Group C,Female,Addl. Weapon,Flexible Soft-weapon routines,Shuangjiegun (Nunchucks),United States of America,Chiu Alayna,Fri Oct 9,FOP 1,11:00,11:05,Grupo C Femenino Weapon Flexible Soft-weapon routines (unified),
Group C,Female,Weapon,Shaolin Weapon Routines,Shaolin Dao,Argentina,Barreto Maria Jose,Fri Oct 9,FOP 1,11:20,11:30,Grupo C Femenino Weapon Shaolin Short Weapon Routines,
Group C,Female,Weapon,Shaolin Weapon Routines,Shaolin Dao,Brazil,PIACITELLI Amanda Toso Batista,Fri Oct 9,FOP 1,11:20,11:30,Grupo C Femenino Weapon Shaolin Short Weapon Routines,
Group C,Female,Weapon,Shaolin Weapon Routines,Shaolin Dao,Peru,ESCUDERO LESLIE ALEXANDRA,Fri Oct 9,FOP 1,11:20,11:30,Grupo C Femenino Weapon Shaolin Short Weapon Routines,
Group C,Female,Weapon,Shaolin Weapon Routines,Shaolin Jian,Argentina,Sanchez Frias Marianela,Fri Oct 9,FOP 1,11:20,11:30,Grupo C Femenino Weapon Shaolin Short Weapon Routines,
Group C,Female,Weapon,Shaolin Weapon Routines,Shaolin Jian,Bolivia,LOAYZA ENCINAS PAULA VICTORIA,Fri Oct 9,FOP 1,11:20,11:30,Grupo C Femenino Weapon Shaolin Short Weapon Routines,
Group C,Female,Weapon,Shaolin Weapon Routines,Other Shaolin Short Weapons,Brazil,FARIA Anna Clara Figueiredo,Fri Oct 9,FOP 1,11:20,11:30,Grupo C Femenino Weapon Shaolin Short Weapon Routines,
Group C,Female,Weapon,Single-weapon routines,Shanzi (Fan),Argentina,Sieben Micaela,Fri Oct 9,FOP 1,11:35,11:45,Grupo C Femenino Weapon Single-weapon routines (Unified),
Group C,Female,Weapon,Shaolin Weapon Routines,Shaolin Staff,Argentina,Quispi León Abigail,Fri Oct 9,FOP 1,11:30,11:45,Grupo C Femenino Weapon Single- Long weapon routines (Unified),Combined event in the timetable; could be anywhere in this window
Group C,Female,Weapon,Shaolin Weapon Routines,Shaolin Staff,Argentina,VILLALBA KAREN,Fri Oct 9,FOP 1,11:30,11:45,Grupo C Femenino Weapon Single- Long weapon routines (Unified),Combined event in the timetable; could be anywhere in this window
Group C,Female,Weapon,Single-weapon routines,Gun (Cudgel/Staff),Argentina,Ibarra Micaela,Fri Oct 9,FOP 1,11:30,11:45,Grupo C Femenino Weapon Single- Long weapon routines (Unified),Combined event in the timetable; could be anywhere in this window
Group C,Female,Addl. Weapon,Single-weapon routines,Qiang (Spear),United States of America,Yao Chenyue,Fri Oct 9,FOP 1,11:30,11:45,Grupo C Femenino Weapon Single- Long weapon routines (Unified),Combined event in the timetable; could be anywhere in this window
Group C,Female,Weapon,Single-weapon routines,Guandao (Kwan Dao),United States of America,Nadella Divyamani,Fri Oct 9,FOP 1,11:30,11:45,Grupo C Femenino Weapon Single- Long weapon routines (Unified),Combined event in the timetable; could be anywhere in this window
Group C,Female,Addl. Weapon,Single-weapon routines,Guandao (Kwan Dao),Peru,SAAVEDRA ADA SOFÍA,Fri Oct 9,FOP 1,11:30,11:45,Grupo C Femenino Weapon Single- Long weapon routines (Unified),Combined event in the timetable; could be anywhere in this window
Group C,Female,Weapon,Shaolin Weapon Routines,Other Shaolin Long Weapons,Argentina,Guaymasi Naydu Ninawa,Fri Oct 9,FOP 1,11:30,11:45,Grupo C Femenino Weapon Single- Long weapon routines (Unified),Combined event in the timetable; could be anywhere in this window
Group C,Female,Weapon,Shaolin Weapon Routines,Other Shaolin Long Weapons,United States of America,Lu Samantha,Fri Oct 9,FOP 1,11:30,11:45,Grupo C Femenino Weapon Single- Long weapon routines (Unified),Combined event in the timetable; could be anywhere in this window
Group C,Female,Addl. Weapon,Single-weapon routines,Pudao,United States of America,Halsted Caroline,Fri Oct 9,FOP 1,11:30,11:45,Grupo C Femenino Weapon Single- Long weapon routines (Unified),Combined event in the timetable; could be anywhere in this window
Group C,Female,Addl. Weapon,Single-weapon routines,Pudao,United States of America,Tiwari Ennishka,Fri Oct 9,FOP 1,11:30,11:45,Grupo C Femenino Weapon Single- Long weapon routines (Unified),Combined event in the timetable; could be anywhere in this window
Group C,Female,Weapon,Single-weapon routines,Jian (Straight Sword),Brazil,CARMO PITA Sophia Boecker do,Fri Oct 9,FOP 1,11:05,11:15,Grupo C Femenino Weapon Jian (Straight Sword),
Group C,Female,Weapon,Single-weapon routines,Jian (Straight Sword),Brazil,NOGUEIRA Maria Rosa Figueiredo,Fri Oct 9,FOP 1,11:05,11:15,Grupo C Femenino Weapon Jian (Straight Sword),
Group C,Female,Weapon,Single-weapon routines,Jian (Straight Sword),United States of America,Mendoza Sophiena,Fri Oct 9,FOP 1,11:05,11:15,Grupo C Femenino Weapon Jian (Straight Sword),
Group C,Female,Weapon,Single-weapon routines,Jian (Straight Sword),United States of America,Tiwari Ennishka,Fri Oct 9,FOP 1,11:05,11:15,Grupo C Femenino Weapon Jian (Straight Sword),
Group C,Female,Weapon,Single-weapon routines,Jian (Straight Sword),United States of America,Yao Chenyue,Fri Oct 9,FOP 1,11:05,11:15,Grupo C Femenino Weapon Jian (Straight Sword),
Group C,Female,Weapon,Single-weapon routines,Nangun (Southern Staff/Cudgel),Argentina,Ibañez Salgueiro Ingrid Nahiara,Fri Oct 9,FOP 1,11:15,11:20,Grupo C Femenino Weapon Nangun (Southern Staff/Cudgel),
Group C,Female,Weapon,Single-weapon routines,Nangun (Southern Staff/Cudgel),Brazil,DE GENARO Isabella Pontes,Fri Oct 9,FOP 1,11:15,11:20,Grupo C Femenino Weapon Nangun (Southern Staff/Cudgel),
Group C,Female,Weapon,Single-weapon routines,42-posture Taijijian,United States of America,Cheng Kathleen,Fri Oct 9,FOP 3,08:00,08:15,Grupo C Femenino Weapon Single- Taijijian weapon routines (Unified),
Group C,Female,Weapon,Single-weapon routines,42-posture Taijijian,United States of America,Matrisciano Sofia,Fri Oct 9,FOP 3,08:00,08:15,Grupo C Femenino Weapon Single- Taijijian weapon routines (Unified),
Group C,Female,Weapon,Single-weapon routines,Taijijian,United States of America,Koka Saesha,Fri Oct 9,FOP 3,08:00,08:15,Grupo C Femenino Weapon Single- Taijijian weapon routines (Unified),
Group C,Female,Weapon,Single-weapon routines,Taijijian,United States of America,Lu Fionna,Fri Oct 9,FOP 3,08:00,08:15,Grupo C Femenino Weapon Single- Taijijian weapon routines (Unified),
Group C,Female,Addl. Weapon,Single-weapon routines,Taijijian,United States of America,Hsu Lindsay,Fri Oct 9,FOP 3,08:00,08:15,Grupo C Femenino Weapon Single- Taijijian weapon routines (Unified),
Group C,Female,Addl. Weapon,Single-weapon routines,Taijijian,United States of America,Li Phoenix,Fri Oct 9,FOP 3,08:00,08:15,Grupo C Femenino Weapon Single- Taijijian weapon routines (Unified),
Group C,Female,Addl. Weapon,Single-weapon routines,Taijijian,United States of America,Lu Samantha,Fri Oct 9,FOP 3,08:00,08:15,Grupo C Femenino Weapon Single- Taijijian weapon routines (Unified),
Group C,Female,Weapon,Single-weapon routines,Taijishan,Argentina,Romero Monsalve Guadalupe Gisela,Fri Oct 9,FOP 3,08:15,08:25,Grupo C Femenino Weapon Taijishan,
Group C,Female,Weapon,Single-weapon routines,Taijishan,Brazil,DO NASCIMENTO Kemilly Karolinny da Silva,Fri Oct 9,FOP 3,08:15,08:25,Grupo C Femenino Weapon Taijishan,
Group C,Female,Weapon,Single-weapon routines,Taijishan,United States of America,Harris Kim-Lan,Fri Oct 9,FOP 3,08:15,08:25,Grupo C Femenino Weapon Taijishan,
Group C,Female,Weapon,Single-weapon routines,Taijishan,United States of America,Li Phoenix,Fri Oct 9,FOP 3,08:15,08:25,Grupo C Femenino Weapon Taijishan,
Group C,Female,Addl. Weapon,Single-weapon routines,Taijishan,United States of America,Koka Saesha,Fri Oct 9,FOP 3,08:15,08:25,Grupo C Femenino Weapon Taijishan,
Group C,Female,Addl. Weapon,Single-weapon routines,Taijishan,United States of America,Lu Fionna,Fri Oct 9,FOP 3,08:15,08:25,Grupo C Femenino Weapon Taijishan,
Group C,Male,Barehand,Nanquan-type events,Choy Lay Fut (Cailifo Quan),Argentina,Gomez Salas Miguel Angel,Thu Oct 8,FOP 2,09:45,09:55,Grupo C Masculino Barehand Nanquan-type events (unified),
Group C,Male,Barehand,Nanquan-type events,Choy Lay Fut (Cailifo Quan),Brazil,CALAMARI Enzo Fantinati,Thu Oct 8,FOP 2,09:45,09:55,Grupo C Masculino Barehand Nanquan-type events (unified),
Group C,Male,Barehand,Nanquan-type events,Choy Lay Fut (Cailifo Quan),Brazil,ROSE Henrique Radovan,Thu Oct 8,FOP 2,09:45,09:55,Grupo C Masculino Barehand Nanquan-type events (unified),
Group C,Male,Barehand,Nanquan-type events,Hung Gar (Hongjia Quan),United States of America,Deepak Aadit,Thu Oct 8,FOP 2,09:45,09:55,Grupo C Masculino Barehand Nanquan-type events (unified),
Group C,Male,Barehand,Nanquan-type events,Otros estilos sureños.,United States of America,Chang Sean,Thu Oct 8,FOP 2,10:25,10:35,Grupo C Masculino Barehand Otros estilos sureños.,
Group C,Male,Barehand,Nanquan-type events,Otros estilos sureños.,United States of America,Cheng Bryan,Thu Oct 8,FOP 2,10:25,10:35,Grupo C Masculino Barehand Otros estilos sureños.,
Group C,Male,Barehand,Nanquan-type events,Otros estilos sureños.,United States of America,Cheng Eric,Thu Oct 8,FOP 2,10:25,10:35,Grupo C Masculino Barehand Otros estilos sureños.,
Group C,Male,Barehand,Nanquan-type events,Otros estilos sureños.,United States of America,Ely Atom,Thu Oct 8,FOP 2,10:25,10:35,Grupo C Masculino Barehand Otros estilos sureños.,
Group C,Male,Barehand,Nanquan-type events,Otros estilos sureños.,United States of America,Leung Tyler,Thu Oct 8,FOP 2,10:25,10:35,Grupo C Masculino Barehand Otros estilos sureños.,
Group C,Male,Barehand,Nanquan-type events,Otros estilos sureños.,United States of America,Popp Adam,Thu Oct 8,FOP 2,10:25,10:35,Grupo C Masculino Barehand Otros estilos sureños.,
Group C,Male,Barehand,Nanquan-type events,Otros estilos sureños.,United States of America,Ramos Contreras Sebastian,Thu Oct 8,FOP 2,10:25,10:35,Grupo C Masculino Barehand Otros estilos sureños.,
Group C,Male,Barehand,Other Northern Style,Baji Quan,United States of America,Liu Justin,Thu Oct 8,FOP 2,09:55,10:15,Grupo C Masculino Barehand Other Northern Style (Unified),Combined event in the timetable; could be anywhere in this window
Group C,Male,Barehand,Other Northern Style,Baji Quan,United States of America,Zhou Jason,Thu Oct 8,FOP 2,09:55,10:15,Grupo C Masculino Barehand Other Northern Style (Unified),Combined event in the timetable; could be anywhere in this window
Group C,Male,Barehand,Other Northern Style,Cha Quan,United States of America,Bai Lawren,Thu Oct 8,FOP 2,09:55,10:15,Grupo C Masculino Barehand Other Northern Style (Unified),Combined event in the timetable; could be anywhere in this window
Group C,Male,Barehand,Other Northern Style,Cha Quan,United States of America,Liu Shangshang,Thu Oct 8,FOP 2,09:55,10:15,Grupo C Masculino Barehand Other Northern Style (Unified),Combined event in the timetable; could be anywhere in this window
Group C,Male,Barehand,Other Northern Style,Hua Quan,United States of America,Shi Ryan,Thu Oct 8,FOP 2,09:55,10:15,Grupo C Masculino Barehand Other Northern Style (Unified),Combined event in the timetable; could be anywhere in this window
Group C,Male,Barehand,Other Northern Style,Emei Quan,United States of America,Santoso Ivan,Thu Oct 8,FOP 2,09:55,10:15,Grupo C Masculino Barehand Other Northern Style (Unified),Combined event in the timetable; could be anywhere in this window
Group C,Male,Barehand,Other Northern Style,Estilos de imitación,United States of America,Lee Yu Heng Asher,Thu Oct 8,FOP 2,10:00,10:15,Grupo C Masculino Barehand Other Northern Style Estilos de imitación (Unified),
Group C,Male,Barehand,Other Northern Style,Estilos de imitación,United States of America,Lu Dazhi,Thu Oct 8,FOP 2,10:00,10:15,Grupo C Masculino Barehand Other Northern Style Estilos de imitación (Unified),
Group C,Male,Barehand,Nanquan-type events,Dishu Quan,United States of America,Arunkumar Abhiman,Thu Oct 8,FOP 2,09:45,09:55,Grupo C Masculino Barehand Nanquan-type events (unified),
Group C,Male,Barehand,Other Northern Style,Ditang Quan,United States of America,Tjhin Joshua,Thu Oct 8,FOP 2,09:55,10:15,Grupo C Masculino Barehand Other Northern Style (Unified),Combined event in the timetable; could be anywhere in this window
Group C,Male,Barehand,Other Northern Style,Xingyi Quan,Argentina,Gonzalez Marcio,Thu Oct 8,FOP 2,09:55,10:15,Grupo C Masculino Barehand Other Northern Style (Unified),Combined event in the timetable; could be anywhere in this window
Group C,Male,Barehand,Other Northern Style,Xingyi Quan,United States of America,Leyesa Nolan Christopher,Thu Oct 8,FOP 2,09:55,10:15,Grupo C Masculino Barehand Other Northern Style (Unified),Combined event in the timetable; could be anywhere in this window
Group C,Male,Barehand,Other Northern Style,other types of traditional styles,Argentina,Ibañez Damian Matias,Thu Oct 8,FOP 2,10:15,10:25,Grupo C Masculino Barehand other types of traditional styles,
Group C,Male,Barehand,Other Northern Style,other types of traditional styles,Argentina,Maldonado Isaias Brandon,Thu Oct 8,FOP 2,10:15,10:25,Grupo C Masculino Barehand other types of traditional styles,
Group C,Male,Barehand,Other Northern Style,other types of traditional styles,Brazil,ANTOGNOLLI Lorenzo Saviane,Thu Oct 8,FOP 2,10:15,10:25,Grupo C Masculino Barehand other types of traditional styles,
Group C,Male,Barehand,Other Northern Style,other types of traditional styles,Brazil,OQUIM Keruan França,Thu Oct 8,FOP 2,10:15,10:25,Grupo C Masculino Barehand other types of traditional styles,
Group C,Male,Barehand,Other Northern Style,other types of traditional styles,United States of America,Siu Caffrey,Thu Oct 8,FOP 2,10:15,10:25,Grupo C Masculino Barehand other types of traditional styles,
Group C,Male,Barehand,Shaolinquan Routines,Other Shaolin Barehand,Argentina,Galeano Lautaro Nicolas,Thu Oct 8,FOP 2,10:35,10:55,Grupo C Masculino Barehand Shaolinquan Routines,
Group C,Male,Barehand,Shaolinquan Routines,Other Shaolin Barehand,Argentina,Torres Dylan Erick,Thu Oct 8,FOP 2,10:35,10:55,Grupo C Masculino Barehand Shaolinquan Routines,
Group C,Male,Barehand,Shaolinquan Routines,Other Shaolin Barehand,Bolivia,PARRADO ROMERO ADIEL SILVER,Thu Oct 8,FOP 2,10:35,10:55,Grupo C Masculino Barehand Shaolinquan Routines,
Group C,Male,Barehand,Shaolinquan Routines,Other Shaolin Barehand,Brazil,RINALDI Ruan Carlos,Thu Oct 8,FOP 2,10:35,10:55,Grupo C Masculino Barehand Shaolinquan Routines,
Group C,Male,Barehand,Shaolinquan Routines,Other Shaolin Barehand,Brazil,SILVEIRA Rafael Andrade,Thu Oct 8,FOP 2,10:35,10:55,Grupo C Masculino Barehand Shaolinquan Routines,
Group C,Male,Barehand,Shaolinquan Routines,Other Shaolin Barehand,Chile,Nuñez Guerra Ignacio Antonio,Thu Oct 8,FOP 2,10:35,10:55,Grupo C Masculino Barehand Shaolinquan Routines,
Group C,Male,Barehand,Shaolinquan Routines,Other Shaolin Barehand,Peru,CUELA CARLOS LEONEL,Thu Oct 8,FOP 2,10:35,10:55,Grupo C Masculino Barehand Shaolinquan Routines,
Group C,Male,Barehand,Shaolinquan Routines,Other Shaolin Barehand,Peru,MELENDEZ MILGER DANILO,Thu Oct 8,FOP 2,10:35,10:55,Grupo C Masculino Barehand Shaolinquan Routines,
Group C,Male,Barehand,Shaolinquan Routines,Other Shaolin Barehand,United States of America,Fong Nathaniel,Thu Oct 8,FOP 2,10:35,10:55,Grupo C Masculino Barehand Shaolinquan Routines,
Group C,Male,Barehand,Shaolinquan Routines,Other Shaolin Barehand,United States of America,Mishra Arnab,Thu Oct 8,FOP 2,10:35,10:55,Grupo C Masculino Barehand Shaolinquan Routines,
Group C,Male,Barehand,Shaolinquan Routines,Other Shaolin Barehand,United States of America,Zeng Aaron,Thu Oct 8,FOP 2,10:35,10:55,Grupo C Masculino Barehand Shaolinquan Routines,
Group C,Male,Barehand,Shaolinquan Routines,Shaolin Luohanquan,Argentina,Gomez Maximiliano,Thu Oct 8,FOP 2,10:35,10:55,Grupo C Masculino Barehand Shaolinquan Routines,
Group C,Male,Barehand,Shaolinquan Routines,Shaolin Luohanquan,Argentina,Perez Ciro Emiliano,Thu Oct 8,FOP 2,10:35,10:55,Grupo C Masculino Barehand Shaolinquan Routines,
Group C,Male,Barehand,Shaolinquan Routines,Shaolin Luohanquan,Peru,PUMACALLAHUE EMANUEL RODRIGO,Thu Oct 8,FOP 2,10:35,10:55,Grupo C Masculino Barehand Shaolinquan Routines,
Group C,Male,Barehand,Taijiquan Routines,Chen Taijiquan,United States of America,Shen Justin,Thu Oct 8,FOP 3,10:15,10:20,Grupo C Masculino Barehand Chen Taijiquan (unified),
Group C,Male,Barehand,Wing Chun,Biu Ji,United States of America,Roll Eli,Thu Oct 8,FOP 2,09:40,09:45,Grupo C Masculino Barehand Biu Ji,
Group C,Male,Weapon,Double-weapon routines,Other double weapon,Peru,PUMACALLAHUE EMANUEL RODRIGO,Fri Oct 9,FOP 1,11:45,11:55,Grupo C Masculino Weapon Double-weapon routines (unified),
Group C,Male,Addl. Weapon,Double-weapon routines,Other double weapon,Peru,CUELA CARLOS LEONEL,Fri Oct 9,FOP 1,11:45,11:55,Grupo C Masculino Weapon Double-weapon routines (unified),
Group C,Male,Weapon,Double-weapon routines,Shuangbishou (Doublé Daggers),United States of America,Bitner Benjamin,Fri Oct 9,FOP 1,11:45,11:55,Grupo C Masculino Weapon Double-weapon routines (unified),
Group C,Male,Weapon,Double-weapon routines,Shuangdao (Double Broadsword),United States of America,Cheng Bryan,Fri Oct 9,FOP 1,11:45,11:55,Grupo C Masculino Weapon Double-weapon routines (unified),
Group C,Male,Weapon,Double-weapon routines,Shuangdao (Double Broadsword),United States of America,Lee Yu Heng Asher,Fri Oct 9,FOP 1,11:45,11:55,Grupo C Masculino Weapon Double-weapon routines (unified),
Group C,Male,Weapon,Double-weapon routines,Shuangdao (Double Broadsword),United States of America,Leyesa Nolan Christopher,Fri Oct 9,FOP 1,11:45,11:55,Grupo C Masculino Weapon Double-weapon routines (unified),
Group C,Male,Weapon,Flexible Soft-weapon routines,Jiujiebian (Nine Section Whip Chain),Peru,CUELA CARLOS LEONEL,Fri Oct 9,FOP 1,12:00,12:10,Grupo C Masculino Weapon Jiujiebian (Nine Section Whip Chain) Unified,
Group C,Male,Weapon,Flexible Soft-weapon routines,Jiujiebian (Nine Section Whip Chain),United States of America,Bai Lawren,Fri Oct 9,FOP 1,12:00,12:10,Grupo C Masculino Weapon Jiujiebian (Nine Section Whip Chain) Unified,
Group C,Male,Weapon,Flexible Soft-weapon routines,Jiujiebian (Nine Section Whip Chain),United States of America,Fong Nathaniel,Fri Oct 9,FOP 1,12:00,12:10,Grupo C Masculino Weapon Jiujiebian (Nine Section Whip Chain) Unified,
Group C,Male,Addl. Weapon,Flexible Soft-weapon routines,Jiujiebian (Nine Section Whip Chain),Peru,MELENDEZ MILGER DANILO,Fri Oct 9,FOP 1,12:00,12:10,Grupo C Masculino Weapon Jiujiebian (Nine Section Whip Chain) Unified,
Group C,Male,Addl. Weapon,Flexible Soft-weapon routines,Jiujiebian (Nine Section Whip Chain),United States of America,Arunkumar Abhiman,Fri Oct 9,FOP 1,12:00,12:10,Grupo C Masculino Weapon Jiujiebian (Nine Section Whip Chain) Unified,
Group C,Male,Addl. Weapon,Shaolin Weapon Routines,Shaolin Nine-section Chain Whip,Canada,Ng Jing Hao Alexander,Fri Oct 9,FOP 1,12:00,12:10,Grupo C Masculino Weapon Jiujiebian (Nine Section Whip Chain) Unified,
Group C,Male,Weapon,Flexible Soft-weapon routines,Sanjiegun (Three Section Staff),United States of America,Tjhin Joshua,Fri Oct 9,FOP 1,11:55,12:00,Grupo C Masculino Weapon Flexible Soft-weapon routines (unified),
Group C,Male,Weapon,Flexible Soft-weapon routines,Shuangjiegun (Nunchucks),United States of America,Chang Sean,Fri Oct 9,FOP 1,11:55,12:00,Grupo C Masculino Weapon Flexible Soft-weapon routines (unified),
Group C,Male,Weapon,Flexible Soft-weapon routines,Shuangjiegun (Nunchucks),United States of America,Santoso Ivan,Fri Oct 9,FOP 1,11:55,12:00,Grupo C Masculino Weapon Flexible Soft-weapon routines (unified),
Group C,Male,Weapon,Flexible Soft-weapon routines,Shuangjiegun (Nunchucks),United States of America,Shi Ryan,Fri Oct 9,FOP 1,11:55,12:00,Grupo C Masculino Weapon Flexible Soft-weapon routines (unified),
Group C,Male,Weapon,Shaolin Weapon Routines,Other Shaolin Short Weapons,Brazil,RINALDI Ruan Carlos,Fri Oct 9,FOP 1,12:35,12:50,Grupo C Masculino Weapon Shaolin Short Weapons,
Group C,Male,Addl. Weapon,Shaolin Weapon Routines,Other Shaolin Short Weapons,United States of America,Cheng Eric,Fri Oct 9,FOP 1,12:35,12:50,Grupo C Masculino Weapon Shaolin Short Weapons,
Group C,Male,Weapon,Shaolin Weapon Routines,Shaolin Dao,Brazil,SILVEIRA Rafael Andrade,Fri Oct 9,FOP 1,12:35,12:50,Grupo C Masculino Weapon Shaolin Short Weapons,
Group C,Male,Weapon,Shaolin Weapon Routines,Shaolin Dao,Chile,Nuñez Guerra Ignacio Antonio,Fri Oct 9,FOP 1,12:35,12:50,Grupo C Masculino Weapon Shaolin Short Weapons,
Group C,Male,Weapon,Shaolin Weapon Routines,Shaolin Dao,United States of America,Zhou Jason,Fri Oct 9,FOP 1,12:35,12:50,Grupo C Masculino Weapon Shaolin Short Weapons,
Group C,Male,Weapon,Shaolin Weapon Routines,Shaolin Jian,Bolivia,PARRADO ROMERO ADIEL SILVER,Fri Oct 9,FOP 1,12:35,12:50,Grupo C Masculino Weapon Shaolin Short Weapons,
Group C,Male,Weapon,Shaolin Weapon Routines,Shaolin Jian,Peru,MELENDEZ MILGER DANILO,Fri Oct 9,FOP 1,12:35,12:50,Grupo C Masculino Weapon Shaolin Short Weapons,
Group C,Male,Addl. Weapon,Shaolin Weapon Routines,Shaolin Jian,United States of America,Mishra Arnab,Fri Oct 9,FOP 1,12:35,12:50,Grupo C Masculino Weapon Shaolin Short Weapons,
Group C,Male,Weapon,Shaolin Weapon Routines,Other Shaolin Long Weapons,United States of America,Cheng Eric,Fri Oct 9,FOP 1,12:20,12:35,Grupo C Masculino Weapon Shaolin Long Weapons (Unified),
Group C,Male,Weapon,Shaolin Weapon Routines,Shaolin Staff,Argentina,Galeano Lautaro Nicolas,Fri Oct 9,FOP 1,12:20,12:35,Grupo C Masculino Weapon Shaolin Long Weapons (Unified),
Group C,Male,Weapon,Shaolin Weapon Routines,Shaolin Staff,Argentina,Gomez Maximiliano,Fri Oct 9,FOP 1,12:20,12:35,Grupo C Masculino Weapon Shaolin Long Weapons (Unified),
Group C,Male,Weapon,Shaolin Weapon Routines,Shaolin Staff,Argentina,Perez Ciro Emiliano,Fri Oct 9,FOP 1,12:20,12:35,Grupo C Masculino Weapon Shaolin Long Weapons (Unified),
Group C,Male,Weapon,Shaolin Weapon Routines,Shaolin Staff,Argentina,Torres Dylan Erick,Fri Oct 9,FOP 1,12:20,12:35,Grupo C Masculino Weapon Shaolin Long Weapons (Unified),
Group C,Male,Weapon,Shaolin Weapon Routines,Shaolin Staff,Canada,Ng Jing Hao Alexander,Fri Oct 9,FOP 1,12:20,12:35,Grupo C Masculino Weapon Shaolin Long Weapons (Unified),
Group C,Male,Weapon,Shaolin Weapon Routines,Shaolin Staff,United States of America,Arunkumar Abhiman,Fri Oct 9,FOP 1,12:20,12:35,Grupo C Masculino Weapon Shaolin Long Weapons (Unified),
Group C,Male,Weapon,Shaolin Weapon Routines,Shaolin Staff,United States of America,Lu Dazhi,Fri Oct 9,FOP 1,12:20,12:35,Grupo C Masculino Weapon Shaolin Long Weapons (Unified),
Group C,Male,Weapon,Shaolin Weapon Routines,Shaolin Staff,United States of America,Mishra Arnab,Fri Oct 9,FOP 1,12:20,12:35,Grupo C Masculino Weapon Shaolin Long Weapons (Unified),
Group C,Male,Addl. Weapon,Shaolin Weapon Routines,Shaolin Staff,United States of America,Zeng Aaron,Fri Oct 9,FOP 1,12:20,12:35,Grupo C Masculino Weapon Shaolin Long Weapons (Unified),
Group C,Male,Weapon,Single-weapon routines,42-posture Taijijian,United States of America,Shen Justin,Fri Oct 9,FOP 3,08:25,08:30,Grupo C Masculino Weapon 42-posture Taijijian,
Group C,Male,Addl. Weapon,Single-weapon routines,Taijishan,United States of America,Shen Justin,Fri Oct 9,FOP 3,08:25,08:30,Grupo C Masculino Weapon 42-posture Taijijian,
Group C,Male,Weapon,Single-weapon routines,Dao (Broadsword),Argentina,Gonzalez Marcio,Fri Oct 9,FOP 1,13:00,13:15,Grupo C Masculino Weapon Single- Short weapon routines,
Group C,Male,Weapon,Single-weapon routines,Dao (Broadsword),Argentina,Maldonado Isaias Brandon,Fri Oct 9,FOP 1,13:00,13:15,Grupo C Masculino Weapon Single- Short weapon routines,
Group C,Male,Weapon,Single-weapon routines,Dao (Broadsword),Brazil,OQUIM Keruan França,Fri Oct 9,FOP 1,13:00,13:15,Grupo C Masculino Weapon Single- Short weapon routines,
Group C,Male,Weapon,Single-weapon routines,Dao (Broadsword),United States of America,Ely Atom,Fri Oct 9,FOP 1,13:00,13:15,Grupo C Masculino Weapon Single- Short weapon routines,
Group C,Male,Weapon,Single-weapon routines,Dao (Broadsword),United States of America,Zeng Aaron,Fri Oct 9,FOP 1,13:00,13:15,Grupo C Masculino Weapon Single- Short weapon routines,
Group C,Male,Addl. Weapon,Single-weapon routines,Dao (Broadsword),United States of America,Deepak Aadit,Fri Oct 9,FOP 1,13:00,13:15,Grupo C Masculino Weapon Single- Short weapon routines,
Group C,Male,Addl. Weapon,Single-weapon routines,Dao (Broadsword),United States of America,Siu Caffrey,Fri Oct 9,FOP 1,13:00,13:15,Grupo C Masculino Weapon Single- Short weapon routines,
Group C,Male,Weapon,Single-weapon routines,Jian (Straight Sword),Brazil,ANTOGNOLLI Lorenzo Saviane,Fri Oct 9,FOP 1,13:00,13:15,Grupo C Masculino Weapon Single- Short weapon routines,
Group C,Male,Weapon,Single-weapon routines,Gun (Cudgel/Staff),Argentina,Ibañez Damian Matias,Fri Oct 9,FOP 1,12:50,13:00,Grupo C Masculino Weapon Single- Long weapon routines,
Group C,Male,Weapon,Single-weapon routines,Gun (Cudgel/Staff),United States of America,Deepak Aadit,Fri Oct 9,FOP 1,12:50,13:00,Grupo C Masculino Weapon Single- Long weapon routines,
Group C,Male,Weapon,Single-weapon routines,Gun (Cudgel/Staff),United States of America,Siu Caffrey,Fri Oct 9,FOP 1,12:50,13:00,Grupo C Masculino Weapon Single- Long weapon routines,
Group C,Male,Addl. Weapon,Single-weapon routines,Gun (Cudgel/Staff),United States of America,Tjhin Joshua,Fri Oct 9,FOP 1,12:50,13:00,Grupo C Masculino Weapon Single- Long weapon routines,
Group C,Male,Addl. Weapon,Single-weapon routines,Qiang (Spear),United States of America,Lee Yu Heng Asher,Fri Oct 9,FOP 1,12:50,13:00,Grupo C Masculino Weapon Single- Long weapon routines,
Group C,Male,Weapon,Single-weapon routines,Nandao (Southern Broadsword),Argentina,Gomez Salas Miguel Angel,Fri Oct 9,FOP 1,12:10,12:15,Grupo C Masculino Weapon Nandao(Southern Broadsword),
Group C,Male,Weapon,Single-weapon routines,Nandao (Southern Broadsword),United States of America,Popp Adam,Fri Oct 9,FOP 1,12:10,12:15,Grupo C Masculino Weapon Nandao(Southern Broadsword),
Group C,Male,Weapon,Single-weapon routines,Nandao (Southern Broadsword),United States of America,Ramos Contreras Sebastian,Fri Oct 9,FOP 1,12:10,12:15,Grupo C Masculino Weapon Nandao(Southern Broadsword),
Group C,Male,Weapon,Single-weapon routines,Nangun (Southern Staff/Cudgel),Brazil,CALAMARI Enzo Fantinati,Fri Oct 9,FOP 1,12:15,12:20,Grupo C Masculino Weapon Nangun (Southern Staff/Cudgel),
Group C,Male,Weapon,Single-weapon routines,Nangun (Southern Staff/Cudgel),Brazil,ROSE Henrique Radovan,Fri Oct 9,FOP 1,12:15,12:20,Grupo C Masculino Weapon Nangun (Southern Staff/Cudgel),
Group C,Male,Weapon,Single-weapon routines,Nangun (Southern Staff/Cudgel),United States of America,Leung Tyler,Fri Oct 9,FOP 1,12:15,12:20,Grupo C Masculino Weapon Nangun (Southern Staff/Cudgel),
Group C,Male,Weapon,Single-weapon routines,Pudao,United States of America,Liu Justin,Fri Oct 9,FOP 1,12:50,13:00,Grupo C Masculino Weapon Single- Long weapon routines,
Group C,Male,Weapon,Single-weapon routines,Pudao,United States of America,Liu Shangshang,Fri Oct 9,FOP 1,12:50,13:00,Grupo C Masculino Weapon Single- Long weapon routines,
Group C,Male,Addl. Weapon,Single-weapon routines,Pudao,United States of America,Santoso Ivan,Fri Oct 9,FOP 1,12:50,13:00,Grupo C Masculino Weapon Single- Long weapon routines,
Group C,Male,Addl. Weapon,Single-weapon routines,Guandao (Kwan Dao),United States of America,Bitner Benjamin,Fri Oct 9,FOP 1,12:50,13:00,Grupo C Masculino Weapon Single- Long weapon routines,
Group C,Male,Weapon,Wing Chun Weapon Routines,Luk Dim Boon Gun,United States of America,Roll Eli,,,,,,
Group D,Female,Barehand,Nanquan-type events,Choy Lay Fut (Cailifo Quan),Argentina,Villagra Josefina,Thu Oct 8,FOP 2,14:54,15:24,Grupo D Femenino Barehand Nanquan-type events,Combined event in the timetable; could be anywhere in this window
Group D,Female,Barehand,Nanquan-type events,Choy Lay Fut (Cailifo Quan),Brazil,DE GENARO Catarina Pontes,Thu Oct 8,FOP 2,14:54,15:24,Grupo D Femenino Barehand Nanquan-type events,Combined event in the timetable; could be anywhere in this window
Group D,Female,Barehand,Nanquan-type events,Choy Lay Fut (Cailifo Quan),Brazil,LERBACH Brena Costa,Thu Oct 8,FOP 2,14:54,15:24,Grupo D Femenino Barehand Nanquan-type events,Combined event in the timetable; could be anywhere in this window
Group D,Female,Barehand,Nanquan-type events,Choy Lay Fut (Cailifo Quan),Brazil,SOTO Dominique Del Carmen Guerra,Thu Oct 8,FOP 2,14:54,15:24,Grupo D Femenino Barehand Nanquan-type events,Combined event in the timetable; could be anywhere in this window
Group D,Female,Barehand,Nanquan-type events,Choy Lay Fut (Cailifo Quan),Brazil,TANIZAKI Maria Luiza Nascentes,Thu Oct 8,FOP 2,14:54,15:24,Grupo D Femenino Barehand Nanquan-type events,Combined event in the timetable; could be anywhere in this window
Group D,Female,Barehand,Nanquan-type events,Choy Lay Fut (Cailifo Quan),Chile,Allende Bravo Tiare Valentina,Thu Oct 8,FOP 2,14:54,15:24,Grupo D Femenino Barehand Nanquan-type events,Combined event in the timetable; could be anywhere in this window
Group D,Female,Barehand,Nanquan-type events,Choy Lay Fut (Cailifo Quan),Chile,Plaza Noelia Maria,Thu Oct 8,FOP 2,14:54,15:24,Grupo D Femenino Barehand Nanquan-type events,Combined event in the timetable; could be anywhere in this window
Group D,Female,Barehand,Nanquan-type events,Choy Lay Fut (Cailifo Quan),Chile,Tobar Gutiérrez Daniela Scarlett,Thu Oct 8,FOP 2,14:54,15:24,Grupo D Femenino Barehand Nanquan-type events,Combined event in the timetable; could be anywhere in this window
Group D,Female,Barehand,Nanquan-type events,Choy Lay Fut (Cailifo Quan),Chile,Toro Muñoz Cindia,Thu Oct 8,FOP 2,14:54,15:24,Grupo D Femenino Barehand Nanquan-type events,Combined event in the timetable; could be anywhere in this window
Group D,Female,Barehand,Nanquan-type events,Choy Lay Fut (Cailifo Quan),Venezuela,AMARISTA ANYELIMAR,Thu Oct 8,FOP 2,14:54,15:24,Grupo D Femenino Barehand Nanquan-type events,Combined event in the timetable; could be anywhere in this window
Group D,Female,Barehand,Nanquan-type events,Hung Gar (Hongjia Quan),Brazil,PEREIRA Lais Irene,Thu Oct 8,FOP 2,14:54,15:24,Grupo D Femenino Barehand Nanquan-type events,Combined event in the timetable; could be anywhere in this window
Group D,Female,Barehand,Nanquan-type events,Hung Gar (Hongjia Quan),Peru,TALLEDO LUANA ARACELY,Thu Oct 8,FOP 2,14:54,15:24,Grupo D Femenino Barehand Nanquan-type events,Combined event in the timetable; could be anywhere in this window
Group D,Female,Barehand,Nanquan-type events,Otros estilos sureños.,Argentina,Neumann Julia,Thu Oct 8,FOP 2,14:54,15:24,Grupo D Femenino Barehand Nanquan-type events,Combined event in the timetable; could be anywhere in this window
Group D,Female,Barehand,Nanquan-type events,Otros estilos sureños.,Argentina,Randazzo Erika Judith,Thu Oct 8,FOP 2,14:54,15:24,Grupo D Femenino Barehand Nanquan-type events,Combined event in the timetable; could be anywhere in this window
Group D,Female,Barehand,Nanquan-type events,Otros estilos sureños.,Brazil,ALVES Rayanne Bueno da Silva,Thu Oct 8,FOP 2,14:54,15:24,Grupo D Femenino Barehand Nanquan-type events,Combined event in the timetable; could be anywhere in this window
Group D,Female,Barehand,Nanquan-type events,Otros estilos sureños.,Brazil,DE OLIVEIRA Laiana Santos,Thu Oct 8,FOP 2,14:54,15:24,Grupo D Femenino Barehand Nanquan-type events,Combined event in the timetable; could be anywhere in this window
Group D,Female,Barehand,Nanquan-type events,Otros estilos sureños.,Peru,FLORES CAMILA XIMENA,Thu Oct 8,FOP 2,14:54,15:24,Grupo D Femenino Barehand Nanquan-type events,Combined event in the timetable; could be anywhere in this window
Group D,Female,Barehand,Other Northern Style,Bagua Zhang,United States of America,Castilla Ailani,Thu Oct 8,FOP 2,14:43,14:46,Grupo D Femenino Barehand Bagua Zhang,
Group D,Female,Barehand,Other Northern Style,Cha Quan,Brazil,DA SILVA Talita Pereira,Thu Oct 8,FOP 2,15:24,15:39,Grupo D Femenino Barehand Other Northern Style (Unified),
Group D,Female,Barehand,Other Northern Style,Cha Quan,Brazil,OLIVEIRA PEDROSA Jéssica Lorena,Thu Oct 8,FOP 2,15:24,15:39,Grupo D Femenino Barehand Other Northern Style (Unified),
Group D,Female,Barehand,Other Northern Style,Cha Quan,Brazil,Silva dos Santos Brenda,Thu Oct 8,FOP 2,15:24,15:39,Grupo D Femenino Barehand Other Northern Style (Unified),
Group D,Female,Barehand,Other Northern Style,Cha Quan,United States of America,Tuey Jessica,Thu Oct 8,FOP 2,15:24,15:39,Grupo D Femenino Barehand Other Northern Style (Unified),
Group D,Female,Barehand,Other Northern Style,other types of traditional styles,Argentina,Aquino Jimena,Thu Oct 8,FOP 2,15:24,15:39,Grupo D Femenino Barehand Other Northern Style (Unified),
Group D,Female,Barehand,Other Northern Style,other types of traditional styles,Argentina,Yannone Casandra,Thu Oct 8,FOP 2,15:24,15:39,Grupo D Femenino Barehand Other Northern Style (Unified),
Group D,Female,Barehand,Other Northern Style,other types of traditional styles,Bermuda,Allen-Lamontagne Jashae,Thu Oct 8,FOP 2,15:24,15:39,Grupo D Femenino Barehand Other Northern Style (Unified),
Group D,Female,Barehand,Other Northern Style,other types of traditional styles,Brazil,GUEDES Liandra Tomaz Braz,Thu Oct 8,FOP 2,15:24,15:39,Grupo D Femenino Barehand Other Northern Style (Unified),
Group D,Female,Barehand,Other Northern Style,Estilos de imitación,Argentina,Rodriguez Carolina,Thu Oct 8,FOP 2,18:30,18:35,Grupo D Femenino Barehand Estilos de imitación,
Group D,Female,Barehand,Other Northern Style,Estilos de imitación,United States of America,Wen Winny,Thu Oct 8,FOP 2,18:30,18:35,Grupo D Femenino Barehand Estilos de imitación,
Group D,Female,Barehand,Shaolinquan Routines,Other Shaolin Barehand,Argentina,Apaza Julieta del Rosario,Thu Oct 8,FOP 2,15:39,16:05,Grupo D Femenino Barehand Shaolinquan Routines,
Group D,Female,Barehand,Shaolinquan Routines,Other Shaolin Barehand,Argentina,Torres Mia Ayelen,Thu Oct 8,FOP 2,15:39,16:05,Grupo D Femenino Barehand Shaolinquan Routines,
Group D,Female,Barehand,Shaolinquan Routines,Other Shaolin Barehand,Brazil,SETZNAGL Sarah,Thu Oct 8,FOP 2,15:39,16:05,Grupo D Femenino Barehand Shaolinquan Routines,
Group D,Female,Barehand,Shaolinquan Routines,Other Shaolin Barehand,Chile,Segura González Laura,Thu Oct 8,FOP 2,15:39,16:05,Grupo D Femenino Barehand Shaolinquan Routines,
Group D,Female,Barehand,Shaolinquan Routines,Other Shaolin Barehand,Peru,"CUELA , LORENA PATRICIA",Thu Oct 8,FOP 2,15:39,16:05,Grupo D Femenino Barehand Shaolinquan Routines,
Group D,Female,Barehand,Shaolinquan Routines,Other Shaolin Barehand,Peru,FERNANDEZ CRISLEY MILAGROS,Thu Oct 8,FOP 2,15:39,16:05,Grupo D Femenino Barehand Shaolinquan Routines,
Group D,Female,Barehand,Shaolinquan Routines,Other Shaolin Barehand,Peru,GOMEZ GERMARYONI NIKOLE,Thu Oct 8,FOP 2,15:39,16:05,Grupo D Femenino Barehand Shaolinquan Routines,
Group D,Female,Barehand,Shaolinquan Routines,Shaolin Hongquan,Argentina,Cristaldo Noelia Lujan,Thu Oct 8,FOP 2,15:39,16:05,Grupo D Femenino Barehand Shaolinquan Routines,
Group D,Female,Barehand,Shaolinquan Routines,Shaolin Hongquan,Argentina,Juarez Ludmila Macarena,Thu Oct 8,FOP 2,15:39,16:05,Grupo D Femenino Barehand Shaolinquan Routines,
Group D,Female,Barehand,Shaolinquan Routines,Shaolin Luohanquan,Argentina,Ganduglia Quiroga Linda de las Nieves,Thu Oct 8,FOP 2,15:39,16:05,Grupo D Femenino Barehand Shaolinquan Routines,
Group D,Female,Barehand,Shaolinquan Routines,Shaolin Luohanquan,Argentina,Loginova Mariia,Thu Oct 8,FOP 2,15:39,16:05,Grupo D Femenino Barehand Shaolinquan Routines,
Group D,Female,Barehand,Shaolinquan Routines,Shaolin Luohanquan,Argentina,Monsech Prada Melisa Julieta,Thu Oct 8,FOP 2,15:39,16:05,Grupo D Femenino Barehand Shaolinquan Routines,
Group D,Female,Barehand,Shaolinquan Routines,Shaolin Luohanquan,Peru,MOLLO DOLLY YADHIRA,Thu Oct 8,FOP 2,15:39,16:05,Grupo D Femenino Barehand Shaolinquan Routines,
Group D,Female,Barehand,Shaolinquan Routines,Shaolin Luohanquan,Peru,PALOMINO EUNICE MASSIEL,Thu Oct 8,FOP 2,15:39,16:05,Grupo D Femenino Barehand Shaolinquan Routines,
Group D,Female,Barehand,Shaolinquan Routines,Shaolin Luohanquan,Peru,ZAPATA ANNIE ZUMMY,Thu Oct 8,FOP 2,15:39,16:05,Grupo D Femenino Barehand Shaolinquan Routines,
Group D,Female,Barehand,Taijiquan Routines,24 Taijiquan,Argentina,Mamani Amanda Carolina,Thu Oct 8,FOP 3,09:45,09:59,Grupo D Femenino Barehand Taijiquan Routines (unified),
Group D,Female,Barehand,Taijiquan Routines,24 Taijiquan,Colombia,Urrea Valentina,Thu Oct 8,FOP 3,09:45,09:59,Grupo D Femenino Barehand Taijiquan Routines (unified),
Group D,Female,Barehand,Taijiquan Routines,Yang Taijiquan,Brazil,RODRIGUES Sarah Ferreira,Thu Oct 8,FOP 3,09:45,09:59,Grupo D Femenino Barehand Taijiquan Routines (unified),
Group D,Female,Barehand,Taijiquan Routines,42 Taijiquan,Argentina,Castillo Cindy Guadalupe,Thu Oct 8,FOP 3,09:45,09:59,Grupo D Femenino Barehand Taijiquan Routines (unified),
Group D,Female,Barehand,Taijiquan Routines,42 Taijiquan,Argentina,Giacoy Huilen,Thu Oct 8,FOP 3,09:45,09:59,Grupo D Femenino Barehand Taijiquan Routines (unified),
Group D,Female,Barehand,Taijiquan Routines,Chen Taijiquan,Argentina,Bresnal Vera Daniela María,Thu Oct 8,FOP 3,09:45,09:59,Grupo D Femenino Barehand Taijiquan Routines (unified),
Group D,Female,Barehand,Taijiquan Routines,Chen Taijiquan,Canada,Kuo Elaine Yen Heng,Thu Oct 8,FOP 3,09:45,09:59,Grupo D Femenino Barehand Taijiquan Routines (unified),
Group D,Female,Barehand,Taijiquan Routines,Chen Taijiquan,Canada,Ng Susanna,Thu Oct 8,FOP 3,09:45,09:59,Grupo D Femenino Barehand Taijiquan Routines (unified),
Group D,Female,Barehand,Wing Chun,Chum Kiu,Colombia,Jimenez Laura,Thu Oct 8,FOP 2,14:46,14:49,Grupo D Femenino Barehand Chum Kiu,
Group D,Female,Barehand,Wing Chun,Siu Nim Tao,Bolivia,ALEMAN AZOGUE ANDREA MARIELA,Thu Oct 8,FOP 2,16:05,16:08,Grupo D Femenino Barehand Siu Nim Tao,
Group D,Female,Weapon,Double-weapon routines,Other double weapon,Brazil,PEREIRA Lais Irene,Fri Oct 9,FOP 2,08:15,08:30,Grupo D Femenino Weapon Double-weapon routines (Unified),
Group D,Female,Addl. Weapon,Double-weapon routines,Other double weapon,Peru,"CUELA , LORENA PATRICIA",Fri Oct 9,FOP 2,08:15,08:30,Grupo D Femenino Weapon Double-weapon routines (Unified),
Group D,Female,Addl. Weapon,Double-weapon routines,Other double weapon,Peru,GOMEZ GERMARYONI NIKOLE,Fri Oct 9,FOP 2,08:15,08:30,Grupo D Femenino Weapon Double-weapon routines (Unified),
Group D,Female,Addl. Weapon,Double-weapon routines,Other double weapon,Peru,MOLLO DOLLY YADHIRA,Fri Oct 9,FOP 2,08:15,08:30,Grupo D Femenino Weapon Double-weapon routines (Unified),
Group D,Female,Addl. Weapon,Double-weapon routines,Other double weapon,Peru,SANTA CRUZ FRANCIS TATIANA,Fri Oct 9,FOP 2,08:15,08:30,Grupo D Femenino Weapon Double-weapon routines (Unified),
Group D,Female,Weapon,Double-weapon routines,Shuangbishou (Doublé Daggers),Chile,Tobar Gutiérrez Daniela Scarlett,Fri Oct 9,FOP 2,08:15,08:30,Grupo D Femenino Weapon Double-weapon routines (Unified),
Group D,Female,Weapon,Double-weapon routines,Shuangdao (Double Broadsword),Argentina,Rodriguez Carolina,Fri Oct 9,FOP 2,08:15,08:30,Grupo D Femenino Weapon Double-weapon routines (Unified),
Group D,Female,Addl. Weapon,Double-weapon routines,Shuangdao (Double Broadsword),Peru,FERNANDEZ CRISLEY MILAGROS,Fri Oct 9,FOP 2,08:15,08:30,Grupo D Femenino Weapon Double-weapon routines (Unified),
Group D,Female,Weapon,Double-weapon routines,Shuangjian (Double Straight Sword/ Double Long Tassel Straight Sword),Brazil,Silva dos Santos Brenda,Fri Oct 9,FOP 2,08:15,08:30,Grupo D Femenino Weapon Double-weapon routines (Unified),
Group D,Female,Weapon,Double-weapon routines,Shuangjian (Double Straight Sword/ Double Long Tassel Straight Sword),Canada,Ng Susanna,Fri Oct 9,FOP 2,08:15,08:30,Grupo D Femenino Weapon Double-weapon routines (Unified),
Group D,Female,Weapon,Double-weapon routines,Shuangjian (Double Straight Sword/ Double Long Tassel Straight Sword),United States of America,Castilla Ailani,Fri Oct 9,FOP 2,08:15,08:30,Grupo D Femenino Weapon Double-weapon routines (Unified),
Group D,Female,Weapon,Flexible Soft-weapon routines,Jiujiebian (Nine Section Whip Chain),Peru,"CUELA , LORENA PATRICIA",Fri Oct 9,FOP 2,08:30,08:40,Grupo D Femenino Weapon Flexible Soft-weapon routines (Unified),
Group D,Female,Weapon,Flexible Soft-weapon routines,Jiujiebian (Nine Section Whip Chain),Peru,GOMEZ GERMARYONI NIKOLE,Fri Oct 9,FOP 2,08:30,08:40,Grupo D Femenino Weapon Flexible Soft-weapon routines (Unified),
Group D,Female,Weapon,Flexible Soft-weapon routines,Jiujiebian (Nine Section Whip Chain),Peru,MOLLO DOLLY YADHIRA,Fri Oct 9,FOP 2,08:30,08:40,Grupo D Femenino Weapon Flexible Soft-weapon routines (Unified),
Group D,Female,Addl. Weapon,Flexible Soft-weapon routines,Other Traditional Flexible/soft-weapon Routines,Chile,Plaza Noelia Maria,Fri Oct 9,FOP 2,08:30,08:40,Grupo D Femenino Weapon Flexible Soft-weapon routines (Unified),
Group D,Female,Weapon,Flexible Soft-weapon routines,Other Traditional Flexible/soft-weapon Routines,Peru,SANTA CRUZ FRANCIS TATIANA,Fri Oct 9,FOP 2,08:30,08:40,Grupo D Femenino Weapon Flexible Soft-weapon routines (Unified),
Group D,Female,Weapon,Shaolin Weapon Routines,Other Shaolin Short Weapons,Brazil,GUERRA Anna Claudia Mendes,Fri Oct 9,FOP 2,09:00,09:10,Grupo D Femenino Weapon Shaolin Short Weapons (Unified),
Group D,Female,Weapon,Shaolin Weapon Routines,Shaolin Dao,Argentina,Torres Mia Ayelen,Fri Oct 9,FOP 2,09:00,09:10,Grupo D Femenino Weapon Shaolin Short Weapons (Unified),
Group D,Female,Weapon,Shaolin Weapon Routines,Shaolin Dao,Chile,Segura González Laura,Fri Oct 9,FOP 2,09:00,09:10,Grupo D Femenino Weapon Shaolin Short Weapons (Unified),
Group D,Female,Weapon,Shaolin Weapon Routines,Shaolin Dao,Peru,FERNANDEZ CRISLEY MILAGROS,Fri Oct 9,FOP 2,09:00,09:10,Grupo D Femenino Weapon Shaolin Short Weapons (Unified),
Group D,Female,Weapon,Shaolin Weapon Routines,Shaolin Dao,Peru,PALOMINO EUNICE MASSIEL,Fri Oct 9,FOP 2,09:00,09:10,Grupo D Femenino Weapon Shaolin Short Weapons (Unified),
Group D,Female,Weapon,Shaolin Weapon Routines,Shaolin Jian,Argentina,Juarez Ludmila Macarena,Fri Oct 9,FOP 2,08:50,08:55,Grupo D Femenino Weapon Shaolin Jian,
Group D,Female,Weapon,Shaolin Weapon Routines,Shaolin Jian,Argentina,Loginova Mariia,Fri Oct 9,FOP 2,08:50,08:55,Grupo D Femenino Weapon Shaolin Jian,
Group D,Female,Weapon,Shaolin Weapon Routines,Shaolin Jian,Brazil,SETZNAGL Sarah,Fri Oct 9,FOP 2,08:50,08:55,Grupo D Femenino Weapon Shaolin Jian,
Group D,Female,Weapon,Shaolin Weapon Routines,Shaolin Jian,Peru,ZAPATA ANNIE ZUMMY,Fri Oct 9,FOP 2,08:50,08:55,Grupo D Femenino Weapon Shaolin Jian,
Group D,Female,Weapon,Shaolin Weapon Routines,Shaolin Spear,Argentina,Monsech Prada Melisa Julieta,Fri Oct 9,FOP 2,08:55,09:00,Grupo D Femenino Weapon Shaolin Long Weapon Routines,
Group D,Female,Weapon,Shaolin Weapon Routines,Shaolin Staff,Argentina,Apaza Julieta del Rosario,Fri Oct 9,FOP 2,08:55,09:00,Grupo D Femenino Weapon Shaolin Long Weapon Routines,
Group D,Female,Weapon,Shaolin Weapon Routines,Shaolin Staff,Argentina,Cristaldo Noelia Lujan,Fri Oct 9,FOP 2,08:55,09:00,Grupo D Femenino Weapon Shaolin Long Weapon Routines,
Group D,Female,Weapon,Shaolin Weapon Routines,Shaolin Staff,Argentina,Ganduglia Quiroga Linda de las Nieves,Fri Oct 9,FOP 2,08:55,09:00,Grupo D Femenino Weapon Shaolin Long Weapon Routines,
Group D,Female,Weapon,Single-weapon routines,42-posture Taijijian,Argentina,Castillo Cindy Guadalupe,Fri Oct 9,FOP 1,10:35,10:40,Grupo D Femenino Weapon 42-posture Taijijian,
Group D,Female,Weapon,Single-weapon routines,42-posture Taijijian,Argentina,Giacoy Huilen,Fri Oct 9,FOP 1,10:35,10:40,Grupo D Femenino Weapon 42-posture Taijijian,
Group D,Female,Weapon,Single-weapon routines,Dao (Broadsword),Brazil,DE GENARO Catarina Pontes,Fri Oct 9,FOP 2,08:00,08:15,Grupo D Femenino Weapon Dao (Broadsword),
Group D,Female,Weapon,Single-weapon routines,Dao (Broadsword),Brazil,TANIZAKI Maria Luiza Nascentes,Fri Oct 9,FOP 2,08:00,08:15,Grupo D Femenino Weapon Dao (Broadsword),
Group D,Female,Weapon,Single-weapon routines,Dao (Broadsword),Chile,Plaza Noelia Maria,Fri Oct 9,FOP 2,08:00,08:15,Grupo D Femenino Weapon Dao (Broadsword),
Group D,Female,Weapon,Single-weapon routines,Dao (Broadsword),Chile,Toro Muñoz Cindia,Fri Oct 9,FOP 2,08:00,08:15,Grupo D Femenino Weapon Dao (Broadsword),
Group D,Female,Weapon,Single-weapon routines,Dao (Broadsword),Colombia,Jimenez Laura,Fri Oct 9,FOP 2,08:00,08:15,Grupo D Femenino Weapon Dao (Broadsword),
Group D,Female,Weapon,Single-weapon routines,Dao (Broadsword),United States of America,Tuey Jessica,Fri Oct 9,FOP 2,08:00,08:15,Grupo D Femenino Weapon Dao (Broadsword),
Group D,Female,Addl. Weapon,Single-weapon routines,Dao (Broadsword),Bermuda,Allen-Lamontagne Jashae,Fri Oct 9,FOP 2,08:00,08:15,Grupo D Femenino Weapon Dao (Broadsword),
Group D,Female,Weapon,Single-weapon routines,Gun (Cudgel/Staff),Brazil,GUEDES Liandra Tomaz Braz,Fri Oct 9,FOP 2,09:15,09:20,Grupo D Femenino Weapon Single-weapon routines,
Group D,Female,Weapon,Single-weapon routines,Qiang (Spear),Argentina,Aquino Jimena,Fri Oct 9,FOP 2,09:15,09:20,Grupo D Femenino Weapon Single-weapon routines,
Group D,Female,Weapon,Single-weapon routines,Qiang (Spear),Bermuda,Allen-Lamontagne Jashae,Fri Oct 9,FOP 2,09:15,09:20,Grupo D Femenino Weapon Single-weapon routines,
Group D,Female,Weapon,Single-weapon routines,Jian (Straight Sword),Argentina,Yannone Casandra,Fri Oct 9,FOP 2,08:40,08:45,Grupo D Femenino Weapon Jian (Straight Sword),
Group D,Female,Weapon,Single-weapon routines,Jian (Straight Sword),Brazil,ALVES Rayanne Bueno da Silva,Fri Oct 9,FOP 2,08:40,08:45,Grupo D Femenino Weapon Jian (Straight Sword),
Group D,Female,Weapon,Single-weapon routines,Jian (Straight Sword),Brazil,DA SILVA Talita Pereira,Fri Oct 9,FOP 2,08:40,08:45,Grupo D Femenino Weapon Jian (Straight Sword),
Group D,Female,Weapon,Single-weapon routines,Jian (Straight Sword),Brazil,DE OLIVEIRA Laiana Santos,Fri Oct 9,FOP 2,08:40,08:45,Grupo D Femenino Weapon Jian (Straight Sword),
Group D,Female,Weapon,Single-weapon routines,Nandao (Southern Broadsword),Argentina,Villagra Josefina,Fri Oct 9,FOP 2,09:10,09:15,Grupo D Femenino Weapon Single- Southern weapon routines (Unified),
Group D,Female,Weapon,Single-weapon routines,Nangun (Southern Staff/Cudgel),Argentina,Neumann Julia,Fri Oct 9,FOP 2,09:10,09:15,Grupo D Femenino Weapon Single- Southern weapon routines (Unified),
Group D,Female,Weapon,Single-weapon routines,Nangun (Southern Staff/Cudgel),Argentina,Randazzo Erika Judith,Fri Oct 9,FOP 2,09:10,09:15,Grupo D Femenino Weapon Single- Southern weapon routines (Unified),
Group D,Female,Weapon,Single-weapon routines,Nangun (Southern Staff/Cudgel),Peru,FLORES CAMILA XIMENA,Fri Oct 9,FOP 2,09:10,09:15,Grupo D Femenino Weapon Single- Southern weapon routines (Unified),
Group D,Female,Weapon,Single-weapon routines,Nangun (Southern Staff/Cudgel),Peru,TALLEDO LUANA ARACELY,Fri Oct 9,FOP 2,09:10,09:15,Grupo D Femenino Weapon Single- Southern weapon routines (Unified),
Group D,Female,Weapon,Single-weapon routines,Shanzi (Fan),Brazil,LERBACH Brena Costa,Fri Oct 9,FOP 2,08:45,08:50,Grupo D Femenino Weapon Shanzi (Fan),
Group D,Female,Weapon,Single-weapon routines,Shanzi (Fan),Brazil,SOTO Dominique Del Carmen Guerra,Fri Oct 9,FOP 2,08:45,08:50,Grupo D Femenino Weapon Shanzi (Fan),
Group D,Female,Weapon,Single-weapon routines,Shanzi (Fan),Chile,Allende Bravo Tiare Valentina,Fri Oct 9,FOP 2,08:45,08:50,Grupo D Femenino Weapon Shanzi (Fan),
Group D,Female,Weapon,Single-weapon routines,Shanzi (Fan),United States of America,Wen Winny,Fri Oct 9,FOP 2,08:45,08:50,Grupo D Femenino Weapon Shanzi (Fan),
Group D,Female,Weapon,Single-weapon routines,Taijijian,Argentina,Bresnal Vera Daniela María,Fri Oct 9,FOP 1,10:40,10:50,Grupo D Femenino Weapon Taijijian,
Group D,Female,Weapon,Single-weapon routines,Taijijian,Argentina,Mamani Amanda Carolina,Fri Oct 9,FOP 1,10:40,10:50,Grupo D Femenino Weapon Taijijian,
Group D,Female,Weapon,Single-weapon routines,Taijijian,Brazil,RODRIGUES Sarah Ferreira,Fri Oct 9,FOP 1,10:40,10:50,Grupo D Femenino Weapon Taijijian,
Group D,Female,Weapon,Single-weapon routines,Taijijian,Canada,Kuo Elaine Yen Heng,Fri Oct 9,FOP 1,10:40,10:50,Grupo D Femenino Weapon Taijijian,
Group D,Female,Weapon,Single-weapon routines,Taijijian,Colombia,Urrea Valentina,Fri Oct 9,FOP 1,10:40,10:50,Grupo D Femenino Weapon Taijijian,
Group D,Male,Barehand,Nanquan-type events,Choy Lay Fut (Cailifo Quan),Brazil,CAPELAZZO Anthony da Silva,Thu Oct 8,FOP 2,16:14,16:26,Grupo D Masculino Barehand Choy Lay Fut (Cailifo Quan),
Group D,Male,Barehand,Nanquan-type events,Choy Lay Fut (Cailifo Quan),Brazil,DANTAS Rodrigo de Lima,Thu Oct 8,FOP 2,16:14,16:26,Grupo D Masculino Barehand Choy Lay Fut (Cailifo Quan),
Group D,Male,Barehand,Nanquan-type events,Choy Lay Fut (Cailifo Quan),Brazil,RABELO Arthur Henrique Borges,Thu Oct 8,FOP 2,16:14,16:26,Grupo D Masculino Barehand Choy Lay Fut (Cailifo Quan),
Group D,Male,Barehand,Nanquan-type events,Choy Lay Fut (Cailifo Quan),Brazil,SILVA NETO Warner Lopes da,Thu Oct 8,FOP 2,16:14,16:26,Grupo D Masculino Barehand Choy Lay Fut (Cailifo Quan),
Group D,Male,Barehand,Nanquan-type events,Choy Lay Fut (Cailifo Quan),Chile,León Prado Ricardo Alexis,Thu Oct 8,FOP 2,16:14,16:26,Grupo D Masculino Barehand Choy Lay Fut (Cailifo Quan),
Group D,Male,Barehand,Nanquan-type events,Choy Lay Fut (Cailifo Quan),Colombia,Rivera Andres,Thu Oct 8,FOP 2,16:14,16:26,Grupo D Masculino Barehand Choy Lay Fut (Cailifo Quan),
Group D,Male,Barehand,Nanquan-type events,Choy Lay Fut (Cailifo Quan),United States of America,Wong Keen-yan,Thu Oct 8,FOP 2,16:14,16:26,Grupo D Masculino Barehand Choy Lay Fut (Cailifo Quan),
Group D,Male,Barehand,Nanquan-type events,Hung Gar (Hongjia Quan),Argentina,Bermudez Máximo,Thu Oct 8,FOP 2,16:46,16:57,Grupo D Masculino Barehand Hung Gar (Hongjia Quan),
Group D,Male,Barehand,Nanquan-type events,Hung Gar (Hongjia Quan),Argentina,Jarque Fernando,Thu Oct 8,FOP 2,16:46,16:57,Grupo D Masculino Barehand Hung Gar (Hongjia Quan),
Group D,Male,Barehand,Nanquan-type events,Hung Gar (Hongjia Quan),Brazil,DA COSTA Pedro Polla,Thu Oct 8,FOP 2,16:46,16:57,Grupo D Masculino Barehand Hung Gar (Hongjia Quan),
Group D,Male,Barehand,Nanquan-type events,Hung Gar (Hongjia Quan),Brazil,DOS SANTOS Victor Hugo Oliveira,Thu Oct 8,FOP 2,16:46,16:57,Grupo D Masculino Barehand Hung Gar (Hongjia Quan),
Group D,Male,Barehand,Nanquan-type events,Hung Gar (Hongjia Quan),Peru,CAYCHO HANS MANUEL,Thu Oct 8,FOP 2,16:46,16:57,Grupo D Masculino Barehand Hung Gar (Hongjia Quan),
Group D,Male,Barehand,Nanquan-type events,Hung Gar (Hongjia Quan),Peru,TICONA JAIRO ISAIAS,Thu Oct 8,FOP 2,16:46,16:57,Grupo D Masculino Barehand Hung Gar (Hongjia Quan),
Group D,Male,Barehand,Nanquan-type events,Otros estilos sureños.,Argentina,Arrua Matias Emanuel,Thu Oct 8,FOP 2,17:50,18:02,Grupo D Masculino Barehand Otros estilos sureños.,
Group D,Male,Barehand,Nanquan-type events,Otros estilos sureños.,Argentina,Perez Esteban,Thu Oct 8,FOP 2,17:50,18:02,Grupo D Masculino Barehand Otros estilos sureños.,
Group D,Male,Barehand,Nanquan-type events,Otros estilos sureños.,Argentina,Sagretti Ian Luca,Thu Oct 8,FOP 2,17:50,18:02,Grupo D Masculino Barehand Otros estilos sureños.,
Group D,Male,Barehand,Nanquan-type events,Otros estilos sureños.,Brazil,LEMES Pedro Corrêa,Thu Oct 8,FOP 2,17:50,18:02,Grupo D Masculino Barehand Otros estilos sureños.,
Group D,Male,Barehand,Nanquan-type events,Otros estilos sureños.,Brazil,MAYOR Enzo Nogueira,Thu Oct 8,FOP 2,17:50,18:02,Grupo D Masculino Barehand Otros estilos sureños.,
Group D,Male,Barehand,Nanquan-type events,Otros estilos sureños.,Brazil,SILVA Breno Gonçalves,Thu Oct 8,FOP 2,17:50,18:02,Grupo D Masculino Barehand Otros estilos sureños.,
Group D,Male,Barehand,Nanquan-type events,Otros estilos sureños.,Brazil,da Silva SANTOS Alisson Roberto Bonifácio,Thu Oct 8,FOP 2,17:50,18:02,Grupo D Masculino Barehand Otros estilos sureños.,
Group D,Male,Barehand,Other Northern Style,Bagua Zhang,United States of America,DeOliveira Alexander,Thu Oct 8,FOP 2,16:08,16:11,Grupo D Masculino Barehand Bagua Zhang,
Group D,Male,Barehand,Other Northern Style,Baji Quan,Chile,Fuenzalida Guzmán Gabriel,Thu Oct 8,FOP 2,16:57,17:09,Grupo D Masculino Barehand Other Northern Style (unified),
Group D,Male,Barehand,Other Northern Style,Baji Quan,United States of America,Goldman Justin Nathaniel,Thu Oct 8,FOP 2,16:57,17:09,Grupo D Masculino Barehand Other Northern Style (unified),
Group D,Male,Barehand,Other Northern Style,Baji Quan,United States of America,Ullah Mohammad,Thu Oct 8,FOP 2,16:57,17:09,Grupo D Masculino Barehand Other Northern Style (unified),
Group D,Male,Barehand,Other Northern Style,Cha Quan,United States of America,Chen Shaun,Thu Oct 8,FOP 2,16:57,17:09,Grupo D Masculino Barehand Other Northern Style (unified),
Group D,Male,Barehand,Other Northern Style,Cha Quan,United States of America,Young James,Thu Oct 8,FOP 2,16:57,17:09,Grupo D Masculino Barehand Other Northern Style (unified),
Group D,Male,Barehand,Other Northern Style,Ditang Quan,Argentina,Rodriguez Nuñez Gonzalo Gabriel,Thu Oct 8,FOP 2,16:57,17:09,Grupo D Masculino Barehand Other Northern Style (unified),
Group D,Male,Barehand,Other Northern Style,Tongbei Quan,Mexico,AGUILAR Levietian,Thu Oct 8,FOP 2,16:57,17:09,Grupo D Masculino Barehand Other Northern Style (unified),
Group D,Male,Barehand,Other Northern Style,Hua Quan,Argentina,Canteros Maximiliano,Thu Oct 8,FOP 2,16:57,17:09,Grupo D Masculino Barehand Other Northern Style (unified),
Group D,Male,Barehand,Other Northern Style,Estilos de imitación,Argentina,Moyano Ezequiel Agustin,Thu Oct 8,FOP 2,16:34,16:46,Grupo D Masculino Barehand Estilos de imitación,
Group D,Male,Barehand,Other Northern Style,Estilos de imitación,Argentina,Moyano Hugo Maximiliano,Thu Oct 8,FOP 2,16:34,16:46,Grupo D Masculino Barehand Estilos de imitación,
Group D,Male,Barehand,Other Northern Style,Estilos de imitación,Mexico,BARRAZA Samuel,Thu Oct 8,FOP 2,16:34,16:46,Grupo D Masculino Barehand Estilos de imitación,
Group D,Male,Barehand,Other Northern Style,Estilos de imitación,Mexico,RUZ Pablo,Thu Oct 8,FOP 2,16:34,16:46,Grupo D Masculino Barehand Estilos de imitación,
Group D,Male,Barehand,Other Northern Style,Estilos de imitación,United States of America,Justel Betancourt Alexander,Thu Oct 8,FOP 2,16:34,16:46,Grupo D Masculino Barehand Estilos de imitación,
Group D,Male,Barehand,Other Northern Style,Estilos de imitación,United States of America,Ryder Leah (Daniel),Thu Oct 8,FOP 2,16:34,16:46,Grupo D Masculino Barehand Estilos de imitación,
Group D,Male,Barehand,Other Northern Style,other types of traditional styles,Argentina,Campo Nahir Alexander,Thu Oct 8,FOP 2,17:39,17:50,Grupo D Masculino Barehand other types of traditional styles,
Group D,Male,Barehand,Other Northern Style,other types of traditional styles,Argentina,Parra Elian,Thu Oct 8,FOP 2,17:39,17:50,Grupo D Masculino Barehand other types of traditional styles,
Group D,Male,Barehand,Other Northern Style,other types of traditional styles,Argentina,Velazquez Joaquin,Thu Oct 8,FOP 2,17:39,17:50,Grupo D Masculino Barehand other types of traditional styles,
Group D,Male,Barehand,Other Northern Style,other types of traditional styles,Brazil,CUNHA Victor Luis Nogueira,Thu Oct 8,FOP 2,17:39,17:50,Grupo D Masculino Barehand other types of traditional styles,
Group D,Male,Barehand,Other Northern Style,other types of traditional styles,United States of America,Keys Aaron,Thu Oct 8,FOP 2,17:39,17:50,Grupo D Masculino Barehand other types of traditional styles,
Group D,Male,Barehand,Other Northern Style,other types of traditional styles,United States of America,Scimonelli Roberto,Thu Oct 8,FOP 2,17:39,17:50,Grupo D Masculino Barehand other types of traditional styles,
Group D,Male,Barehand,Shaolinquan Routines,Other Shaolin Barehand,Argentina,Costa Fabian,Thu Oct 8,FOP 2,17:09,17:39,Grupo D Masculino Barehand Other Shaolin Barehand,
Group D,Male,Barehand,Shaolinquan Routines,Other Shaolin Barehand,Argentina,Fernandez Ramiro,Thu Oct 8,FOP 2,17:09,17:39,Grupo D Masculino Barehand Other Shaolin Barehand,
Group D,Male,Barehand,Shaolinquan Routines,Other Shaolin Barehand,Argentina,Nuñez Brian Nahuel,Thu Oct 8,FOP 2,17:09,17:39,Grupo D Masculino Barehand Other Shaolin Barehand,
Group D,Male,Barehand,Shaolinquan Routines,Other Shaolin Barehand,Argentina,Scusceria Ariel,Thu Oct 8,FOP 2,17:09,17:39,Grupo D Masculino Barehand Other Shaolin Barehand,
Group D,Male,Barehand,Shaolinquan Routines,Other Shaolin Barehand,Bolivia,ALANOCA CHAMBI JOSE MANUEL,Thu Oct 8,FOP 2,17:09,17:39,Grupo D Masculino Barehand Other Shaolin Barehand,
Group D,Male,Barehand,Shaolinquan Routines,Other Shaolin Barehand,Bolivia,FLORES MAMANI JHOAN BRANDON,Thu Oct 8,FOP 2,17:09,17:39,Grupo D Masculino Barehand Other Shaolin Barehand,
Group D,Male,Barehand,Shaolinquan Routines,Other Shaolin Barehand,Brazil,DOS SANTOS Igor Valente,Thu Oct 8,FOP 2,17:09,17:39,Grupo D Masculino Barehand Other Shaolin Barehand,
Group D,Male,Barehand,Shaolinquan Routines,Other Shaolin Barehand,Brazil,MONARETTO Marcelo de Oliveira,Thu Oct 8,FOP 2,17:09,17:39,Grupo D Masculino Barehand Other Shaolin Barehand,
Group D,Male,Barehand,Shaolinquan Routines,Other Shaolin Barehand,Chile,Yaupe Sepulveda Santiago Sebastián,Thu Oct 8,FOP 2,17:09,17:39,Grupo D Masculino Barehand Other Shaolin Barehand,
Group D,Male,Barehand,Shaolinquan Routines,Other Shaolin Barehand,Peru,CARRERA GERMAN RENATO,Thu Oct 8,FOP 2,17:09,17:39,Grupo D Masculino Barehand Other Shaolin Barehand,
Group D,Male,Barehand,Shaolinquan Routines,Other Shaolin Barehand,Peru,FERNANDEZ MIJAIL ERNESTO,Thu Oct 8,FOP 2,17:09,17:39,Grupo D Masculino Barehand Other Shaolin Barehand,
Group D,Male,Barehand,Shaolinquan Routines,Other Shaolin Barehand,Peru,LLERENA JORGE GABRIEL,Thu Oct 8,FOP 2,17:09,17:39,Grupo D Masculino Barehand Other Shaolin Barehand,
Group D,Male,Barehand,Shaolinquan Routines,Other Shaolin Barehand,Peru,SALAS JAIRO EMMANUEL,Thu Oct 8,FOP 2,17:09,17:39,Grupo D Masculino Barehand Other Shaolin Barehand,
Group D,Male,Barehand,Shaolinquan Routines,Other Shaolin Barehand,Peru,SANTA CRUZ JOHAN EDU,Thu Oct 8,FOP 2,17:09,17:39,Grupo D Masculino Barehand Other Shaolin Barehand,
Group D,Male,Barehand,Shaolinquan Routines,Other Shaolin Barehand,United States of America,DiMeglio Charlene (CJ),Thu Oct 8,FOP 2,17:09,17:39,Grupo D Masculino Barehand Other Shaolin Barehand,
Group D,Male,Barehand,Shaolinquan Routines,Other Shaolin Barehand,United States of America,Lee Ethan,Thu Oct 8,FOP 2,17:09,17:39,Grupo D Masculino Barehand Other Shaolin Barehand,
Group D,Male,Barehand,Shaolinquan Routines,Other Shaolin Barehand,Uruguay,MAGNANI BASTIAAN,Thu Oct 8,FOP 2,17:09,17:39,Grupo D Masculino Barehand Other Shaolin Barehand,
Group D,Male,Barehand,Shaolinquan Routines,Other Shaolin Barehand,Uruguay,ROGNENE EMILIANO,Thu Oct 8,FOP 2,17:09,17:39,Grupo D Masculino Barehand Other Shaolin Barehand,
Group D,Male,Barehand,Shaolinquan Routines,Shaolin Hongquan,Argentina,Bazan Agustin,Thu Oct 8,FOP 2,18:02,18:23,Grupo D Masculino Barehand Shaolinquan Routines (Unified),
Group D,Male,Barehand,Shaolinquan Routines,Shaolin Hongquan,Argentina,Roman Mena Saulo Brus,Thu Oct 8,FOP 2,18:02,18:23,Grupo D Masculino Barehand Shaolinquan Routines (Unified),
Group D,Male,Barehand,Shaolinquan Routines,Shaolin Hongquan,Argentina,Silva Sebastian,Thu Oct 8,FOP 2,18:02,18:23,Grupo D Masculino Barehand Shaolinquan Routines (Unified),
Group D,Male,Barehand,Shaolinquan Routines,Shaolin Hongquan,Argentina,Villar Nehuen Ale,Thu Oct 8,FOP 2,18:02,18:23,Grupo D Masculino Barehand Shaolinquan Routines (Unified),
Group D,Male,Barehand,Shaolinquan Routines,Shaolin Hongquan,United States of America,Chen Lyman,Thu Oct 8,FOP 2,18:02,18:23,Grupo D Masculino Barehand Shaolinquan Routines (Unified),
Group D,Male,Barehand,Shaolinquan Routines,Shaolin Luohanquan,Argentina,Antinao Gastón Manuel,Thu Oct 8,FOP 2,18:02,18:23,Grupo D Masculino Barehand Shaolinquan Routines (Unified),
Group D,Male,Barehand,Shaolinquan Routines,Shaolin Luohanquan,Argentina,Churquina Velazquez Alexis Ivan,Thu Oct 8,FOP 2,18:02,18:23,Grupo D Masculino Barehand Shaolinquan Routines (Unified),
Group D,Male,Barehand,Shaolinquan Routines,Shaolin Luohanquan,Argentina,Fernandez Gaspar,Thu Oct 8,FOP 2,18:02,18:23,Grupo D Masculino Barehand Shaolinquan Routines (Unified),
Group D,Male,Barehand,Shaolinquan Routines,Shaolin Luohanquan,Argentina,Ruiz Diaz Erik Steven,Thu Oct 8,FOP 2,18:02,18:23,Grupo D Masculino Barehand Shaolinquan Routines (Unified),
Group D,Male,Barehand,Shaolinquan Routines,Shaolin Luohanquan,Bolivia,FLORES TAPIA SIO LONG KALEB,Thu Oct 8,FOP 2,18:02,18:23,Grupo D Masculino Barehand Shaolinquan Routines (Unified),
Group D,Male,Barehand,Shaolinquan Routines,Shaolin Luohanquan,Peru,CACHICATARI ANGELO,Thu Oct 8,FOP 2,18:02,18:23,Grupo D Masculino Barehand Shaolinquan Routines (Unified),
Group D,Male,Barehand,Shaolinquan Routines,Shaolin Luohanquan,Peru,CAMPOS ANDERSON JOEL,Thu Oct 8,FOP 2,18:02,18:23,Grupo D Masculino Barehand Shaolinquan Routines (Unified),
Group D,Male,Barehand,Shaolinquan Routines,Shaolin Luohanquan,Peru,VAZQUEZ JAN FRANCO,Thu Oct 8,FOP 2,18:02,18:23,Grupo D Masculino Barehand Shaolinquan Routines (Unified),
Group D,Male,Barehand,Taijiquan Routines,42 Taijiquan,Argentina,Diaz Matias Santiago,Thu Oct 8,FOP 3,09:59,10:05,Grupo D Masculino Barehand Taijiquan Routines (Unified),
Group D,Male,Barehand,Taijiquan Routines,Chen Taijiquan,Argentina,Funes Marcio Jose,Thu Oct 8,FOP 3,09:59,10:05,Grupo D Masculino Barehand Taijiquan Routines (Unified),
Group D,Male,Barehand,Taijiquan Routines,Chen Taijiquan,Canada,Zhang Hongyu,Thu Oct 8,FOP 3,09:59,10:05,Grupo D Masculino Barehand Taijiquan Routines (Unified),
Group D,Male,Barehand,Wing Chun,Biu Ji,Colombia,Prieto Leonardo,Thu Oct 8,FOP 2,16:11,16:14,Grupo D Masculino Barehand Biu Ji,
Group D,Male,Barehand,Wing Chun,Chum Kiu,Argentina,Chaihort Elias,Thu Oct 8,FOP 2,16:26,16:34,Grupo D Masculino Barehand Chum Kiu,
Group D,Male,Barehand,Wing Chun,Chum Kiu,Colombia,Molano William,Thu Oct 8,FOP 2,16:26,16:34,Grupo D Masculino Barehand Chum Kiu,
Group D,Male,Barehand,Wing Chun,Chum Kiu,Colombia,Zambrano Saman,Thu Oct 8,FOP 2,16:26,16:34,Grupo D Masculino Barehand Chum Kiu,
Group D,Male,Barehand,Wing Chun,Chum Kiu,United States of America,Rogers Dylan,Thu Oct 8,FOP 2,16:26,16:34,Grupo D Masculino Barehand Chum Kiu,
Group D,Male,Barehand,Wing Chun,Siu Nim Tao,Bolivia,INCHAUSTI TORRES RICARDO BRUNO,Thu Oct 8,FOP 2,18:23,18:29,Grupo D Masculino Barehand Siu Nim Tao,
Group D,Male,Barehand,Wing Chun,Siu Nim Tao,Colombia,Ortega Angelo,Thu Oct 8,FOP 2,18:23,18:29,Grupo D Masculino Barehand Siu Nim Tao,
Group D,Male,Barehand,Wing Chun,Siu Nim Tao,Colombia,Rojas Nicolas,Thu Oct 8,FOP 2,18:23,18:29,Grupo D Masculino Barehand Siu Nim Tao,
Group D,Male,Weapon,Double-weapon routines,Other double weapon,Colombia,Prieto Leonardo,Fri Oct 9,FOP 2,10:15,10:25,Grupo D Masculino Weapon Other double weapon,
Group D,Male,Weapon,Double-weapon routines,Other double weapon,Peru,LLERENA JORGE GABRIEL,Fri Oct 9,FOP 2,10:15,10:25,Grupo D Masculino Weapon Other double weapon,
Group D,Male,Addl. Weapon,Double-weapon routines,Other double weapon,Peru,CAMPOS ANDERSON JOEL,Fri Oct 9,FOP 2,10:15,10:25,Grupo D Masculino Weapon Other double weapon,
Group D,Male,Addl. Weapon,Double-weapon routines,Other double weapon,Peru,CARRERA GERMAN RENATO,Fri Oct 9,FOP 2,10:15,10:25,Grupo D Masculino Weapon Other double weapon,
Group D,Male,Weapon,Double-weapon routines,Shuangbishou (Doublé Daggers),Argentina,Canteros Maximiliano,Fri Oct 9,FOP 2,11:15,11:25,Grupo D Masculino Weapon Shuangbishou (Doublé Daggers),
Group D,Male,Weapon,Double-weapon routines,Shuangbishou (Doublé Daggers),Brazil,DOS SANTOS Igor Valente,Fri Oct 9,FOP 2,11:15,11:25,Grupo D Masculino Weapon Shuangbishou (Doublé Daggers),
Group D,Male,Weapon,Double-weapon routines,Shuangbishou (Doublé Daggers),Chile,León Prado Ricardo Alexis,Fri Oct 9,FOP 2,11:15,11:25,Grupo D Masculino Weapon Shuangbishou (Doublé Daggers),
